Hour,Temperature
1,-11.10
2,-10.20
3,-9.40
4,-8.50
5,-9.00
6,-9.40
7,-9.90
8,-9.30
9,-6.54
10,-5.08
11,1.97
12,4.42
13,4.78
14,0.20
15,-2.38
16,-3.80
17,-4.40
18,-4.90
19,-5.50
20,-5.80
21,-6.10
22,-6.40
23,-6.30
24,-6.10
25,-6.00
26,-5.80
27,-5.70
28,-5.50
29,-5.60
30,-5.60
31,-5.70
32,-5.13
33,-3.06
34,-1.34
35,1.74
36,2.61
37,2.34
38,0.80
39,-1.05
40,-1.30
41,-1.20
42,-1.10
43,-1.00
44,-0.90
45,-0.70
46,-0.60
47,-0.70
48,-0.70
49,-0.80
50,-1.00
51,-1.10
52,-1.30
53,-0.80
54,-0.40
55,0.10
56,0.41
57,1.21
58,1.95
59,2.34
60,2.43
61,2.19
62,1.73
63,1.67
64,0.70
65,0.80
66,0.80
67,0.90
68,0.80
69,0.80
70,0.70
71,0.60
72,0.60
73,0.50
74,0.70
75,0.90
76,1.10
77,1.10
78,1.00
79,1.00
80,1.44
81,3.06
82,4.38
83,6.76
84,7.35
85,6.94
86,4.85
87,2.60
88,1.80
89,1.60
90,1.50
91,1.30
92,1.20
93,1.00
94,0.90
95,1.20
96,1.40
97,1.70
98,1.90
99,2.10
100,2.30
101,2.20
102,2.20
103,2.10
104,2.47
105,3.98
106,5.21
107,10.41
108,15.69
109,16.02
110,7.40
111,4.67
112,3.10
113,2.90
114,2.70
115,2.50
116,2.10
117,1.80
118,1.40
119,1.30
120,1.30
121,1.20
122,0.40
123,-0.40
124,-1.20
125,-1.00
126,-0.70
127,-0.50
128,-0.04
129,1.61
130,2.94
131,12.18
132,15.59
133,18.04
134,7.46
135,4.01
136,1.40
137,0.60
138,-0.20
139,-1.00
140,-1.30
141,-1.70
142,-2.00
143,-2.50
144,-2.90
145,-3.40
146,-3.10
147,-2.70
148,-2.40
149,-1.80
150,-1.30
151,-0.70
152,0.03
153,2.31
154,3.03
155,5.04
156,5.28
157,4.58
158,3.11
159,1.35
160,1.00
161,1.00
162,0.90
163,0.90
164,0.80
165,0.60
166,0.50
167,0.00
168,-0.40
169,-0.90
170,-0.70
171,-0.50
172,-0.30
173,-0.40
174,-0.40
175,-0.50
176,0.47
177,3.24
178,5.29
179,9.14
180,6.31
181,5.28
182,3.37
183,1.94
184,0.70
185,0.60
186,0.60
187,0.50
188,0.40
189,0.40
190,0.30
191,0.30
192,0.40
193,0.40
194,-0.20
195,-0.70
196,-1.30
197,-1.20
198,-1.20
199,-1.10
200,0.04
201,2.39
202,3.56
203,5.52
204,5.90
205,5.64
206,4.05
207,2.68
208,1.40
209,1.20
210,0.90
211,0.70
212,0.60
213,0.60
214,0.50
215,0.30
216,0.00
217,-0.20
218,-0.30
219,-0.30
220,-0.40
221,-0.40
222,-0.50
223,-0.50
224,0.30
225,1.52
226,2.76
227,3.43
228,7.34
229,6.59
230,4.56
231,2.08
232,1.30
233,1.10
234,0.90
235,0.70
236,0.70
237,0.80
238,0.80
239,0.60
240,0.40
241,0.20
242,0.20
243,0.10
244,0.10
245,-0.10
246,-0.30
247,-0.50
248,0.02
249,2.27
250,4.09
251,6.46
252,6.73
253,5.61
254,3.42
255,1.56
256,0.10
257,-0.50
258,-1.20
259,-1.80
260,-1.90
261,-2.00
262,-2.10
263,-3.00
264,-4.00
265,-4.90
266,-5.20
267,-5.40
268,-5.70
269,-5.80
270,-5.90
271,-6.00
272,-3.54
273,1.92
274,6.27
275,25.47
276,27.62
277,25.02
278,6.90
279,2.58
280,-0.90
281,-1.90
282,-2.80
283,-3.80
284,-4.40
285,-5.00
286,-5.60
287,-5.80
288,-6.10
289,-6.30
290,-6.90
291,-7.40
292,-8.00
293,-8.10
294,-8.30
295,-8.40
296,-5.98
297,-0.63
298,3.53
299,21.98
300,24.17
301,22.10
302,5.54
303,1.63
304,-1.90
305,-3.20
306,-4.40
307,-5.70
308,-6.70
309,-7.70
310,-8.70
311,-7.80
312,-6.80
313,-5.90
314,-5.50
315,-5.00
316,-4.60
317,-4.50
318,-4.50
319,-4.40
320,-3.75
321,-2.45
322,-1.50
323,-0.51
324,0.10
325,0.20
326,-0.13
327,-0.62
328,-0.90
329,-1.10
330,-1.20
331,-1.40
332,-1.50
333,-1.70
334,-1.80
335,-1.90
336,-1.90
337,-2.00
338,-2.10
339,-2.20
340,-2.30
341,-2.30
342,-2.40
343,-2.40
344,-2.08
345,-1.27
346,-0.59
347,0.10
348,0.26
349,0.08
350,-0.61
351,-1.52
352,-2.20
353,-2.40
354,-2.50
355,-2.70
356,-2.70
357,-2.60
358,-2.60
359,-2.60
360,-2.50
361,-2.50
362,-2.40
363,-2.40
364,-2.30
365,-2.20
366,-2.10
367,-2.00
368,-1.53
369,0.58
370,3.08
371,4.38
372,4.39
373,3.44
374,1.73
375,0.24
376,-1.00
377,-1.40
378,-1.90
379,-2.30
380,-2.50
381,-2.70
382,-2.90
383,-2.60
384,-2.40
385,-2.10
386,-2.00
387,-1.80
388,-1.70
389,-1.60
390,-1.60
391,-1.50
392,-0.70
393,0.46
394,1.55
395,2.28
396,2.84
397,2.90
398,3.21
399,3.41
400,3.70
401,3.80
402,3.90
403,4.00
404,3.00
405,2.00
406,1.00
407,1.00
408,1.00
409,1.00
410,1.10
411,1.10
412,1.20
413,1.00
414,0.90
415,0.70
416,1.37
417,2.88
418,2.42
419,2.99
420,6.51
421,5.88
422,3.69
423,1.80
424,0.00
425,0.20
426,0.30
427,0.50
428,0.40
429,0.30
430,0.20
431,0.00
432,-0.10
433,-0.30
434,-0.50
435,-0.80
436,-1.00
437,-1.30
438,-1.60
439,-1.90
440,-1.61
441,0.21
442,1.99
443,3.10
444,5.93
445,4.54
446,2.64
447,-0.20
448,-1.70
449,-1.80
450,-2.00
451,-2.10
452,-2.10
453,-2.20
454,-2.20
455,-2.20
456,-2.30
457,-2.30
458,-2.90
459,-3.40
460,-4.00
461,-3.70
462,-3.40
463,-3.10
464,-2.03
465,0.10
466,5.54
467,4.74
468,2.55
469,-0.56
470,-1.00
471,-1.46
472,-2.00
473,-1.90
474,-1.80
475,-1.70
476,-1.10
477,-0.50
478,0.10
479,0.30
480,0.40
481,0.60
482,0.60
483,0.50
484,0.50
485,-0.30
486,-1.10
487,-1.90
488,-1.88
489,-0.19
490,1.62
491,2.54
492,-0.77
493,-1.13
494,-0.45
495,-2.69
496,-4.50
497,-5.10
498,-5.70
499,-6.30
500,-6.40
501,-6.40
502,-6.50
503,-6.70
504,-6.80
505,-7.00
506,-7.40
507,-7.70
508,-8.10
509,-8.40
510,-8.80
511,-9.10
512,-7.84
513,-6.26
514,-3.86
515,0.91
516,1.88
517,3.14
518,-1.13
519,-4.28
520,-5.80
521,-6.10
522,-6.40
523,-6.70
524,-6.70
525,-6.70
526,-6.70
527,-6.70
528,-6.60
529,-6.60
530,-6.50
531,-6.40
532,-6.30
533,-6.20
534,-6.20
535,-6.10
536,-5.90
537,-5.41
538,-5.02
539,-4.53
540,-0.79
541,-1.83
542,-3.21
543,-6.03
544,-6.90
545,-7.90
546,-8.90
547,-9.90
548,-10.90
549,-12.00
550,-13.00
551,-13.70
552,-14.40
553,-15.10
554,-16.30
555,-17.50
556,-18.70
557,-17.30
558,-16.00
559,-14.60
560,-13.10
561,-9.79
562,-6.65
563,-1.75
564,2.05
565,1.90
566,-1.34
567,-6.22
568,-8.90
569,-8.80
570,-8.70
571,-8.60
572,-8.40
573,-8.30
574,-8.10
575,-8.80
576,-9.40
577,-10.10
578,-10.00
579,-9.90
580,-9.80
581,-9.70
582,-9.70
583,-9.60
584,-8.31
585,-5.32
586,3.06
587,3.82
588,0.18
589,-2.85
590,-4.24
591,-5.88
592,-7.40
593,-7.50
594,-7.70
595,-7.80
596,-8.00
597,-8.30
598,-8.50
599,-8.20
600,-8.00
601,-7.70
602,-7.30
603,-6.90
604,-6.50
605,-6.20
606,-6.00
607,-5.70
608,-4.89
609,-3.55
610,-4.13
611,-3.52
612,-3.17
613,-3.18
614,-3.72
615,-4.31
616,-5.00
617,-4.90
618,-4.80
619,-4.70
620,-4.20
621,-3.80
622,-3.30
623,-2.90
624,-2.50
625,-2.10
626,-2.00
627,-1.90
628,-1.80
629,-1.50
630,-1.20
631,-0.90
632,-0.15
633,0.84
634,1.67
635,2.18
636,2.46
637,2.45
638,2.08
639,1.55
640,0.90
641,0.90
642,0.90
643,0.90
644,0.80
645,0.80
646,0.70
647,0.60
648,0.40
649,0.30
650,0.10
651,-0.20
652,-0.40
653,-0.60
654,-0.70
655,-0.90
656,-0.45
657,0.14
658,0.78
659,1.21
660,1.26
661,1.05
662,0.60
663,-0.16
664,-0.87
665,-0.90
666,-1.00
667,-1.00
668,-1.20
669,-1.50
670,-1.70
671,-1.40
672,-1.10
673,-0.80
674,-0.40
675,0.00
676,0.40
677,0.70
678,1.00
679,1.30
680,2.52
681,4.02
682,5.92
683,7.12
684,9.48
685,8.73
686,6.37
687,5.43
688,4.52
689,3.80
690,3.20
691,2.50
692,2.90
693,3.30
694,3.70
695,3.80
696,3.80
697,3.90
698,3.90
699,4.00
700,4.00
701,3.80
702,3.60
703,3.40
704,4.69
705,6.86
706,9.95
707,11.03
708,9.14
709,8.48
710,6.70
711,4.53
712,2.61
713,2.40
714,2.40
715,2.30
716,2.00
717,1.60
718,1.30
719,1.40
720,1.40
721,1.50
722,1.60
723,1.60
724,1.70
725,2.10
726,2.50
727,2.90
728,4.73
729,6.80
730,9.28
731,10.12
732,10.42
733,9.91
734,9.12
735,8.02
736,6.50
737,6.00
738,5.70
739,5.40
740,4.90
741,4.20
742,3.70
743,3.30
744,3.00
745,2.80
746,1.90
747,1.10
748,0.10
749,0.50
750,0.70
751,1.10
752,1.88
753,1.88
754,2.16
755,4.06
756,5.60
757,6.93
758,7.35
759,8.38
760,7.87
761,7.80
762,7.80
763,7.90
764,7.80
765,7.70
766,7.60
767,6.80
768,6.00
769,5.20
770,5.00
771,4.90
772,4.70
773,4.20
774,3.60
775,3.10
776,4.06
777,5.47
778,7.33
779,8.09
780,8.14
781,7.32
782,7.29
783,5.36
784,3.66
785,2.80
786,2.30
787,1.70
788,0.80
789,-0.10
790,-1.00
791,-1.40
792,-1.80
793,-2.20
794,-2.40
795,-2.60
796,-2.80
797,-2.60
798,-2.40
799,-2.20
800,-0.44
801,2.05
802,5.55
803,6.75
804,6.96
805,5.99
806,3.71
807,2.27
808,0.69
809,0.50
810,0.30
811,0.20
812,0.30
813,0.30
814,0.40
815,-0.30
816,-1.00
817,-1.70
818,-1.90
819,-2.00
820,-2.20
821,-2.30
822,-2.30
823,-2.40
824,-1.82
825,0.40
826,2.20
827,3.42
828,3.91
829,3.50
830,2.40
831,-0.48
832,-1.25
833,-1.50
834,-1.50
835,-1.60
836,-1.80
837,-2.00
838,-2.20
839,-2.20
840,-2.30
841,-2.30
842,-3.00
843,-3.60
844,-4.30
845,-4.30
846,-4.40
847,-4.40
848,-2.66
849,0.30
850,7.25
851,9.18
852,9.25
853,7.46
854,4.20
855,0.54
856,-1.26
857,-2.10
858,-2.50
859,-3.00
860,-2.70
861,-2.50
862,-2.20
863,-1.70
864,-1.20
865,-0.70
866,-0.70
867,-0.80
868,-0.80
869,-1.10
870,-1.50
871,-1.80
872,-0.69
873,0.51
874,1.51
875,5.58
876,8.11
877,8.87
878,5.79
879,3.38
880,0.95
881,0.40
882,0.30
883,0.20
884,0.10
885,-0.10
886,-0.20
887,-0.70
888,-1.10
889,-1.60
890,-2.10
891,-2.70
892,-3.20
893,-3.10
894,-3.10
895,-3.00
896,-2.23
897,-1.29
898,-0.47
899,0.59
900,1.21
901,1.42
902,0.83
903,-0.11
904,-0.88
905,-1.30
906,-1.40
907,-1.60
908,-1.90
909,-2.20
910,-2.50
911,-2.40
912,-2.20
913,-2.10
914,-2.10
915,-2.00
916,-2.00
917,-1.90
918,-1.90
919,-1.80
920,-0.82
921,0.29
922,1.28
923,1.79
924,1.94
925,1.66
926,1.13
927,0.26
928,-0.58
929,-0.90
930,-1.10
931,-1.20
932,-1.50
933,-1.70
934,-2.00
935,-1.90
936,-1.70
937,-1.60
938,-1.70
939,-1.90
940,-2.00
941,-2.30
942,-2.50
943,-2.80
944,-1.89
945,0.77
946,2.55
947,8.84
948,11.08
949,12.03
950,6.32
951,2.05
952,-0.59
953,-1.50
954,-2.00
955,-2.40
956,-2.30
957,-2.20
958,-2.10
959,-2.20
960,-2.20
961,-2.30
962,-2.50
963,-2.60
964,-2.80
965,-2.90
966,-3.10
967,-3.20
968,-2.40
969,-1.58
970,-0.83
971,0.07
972,0.67
973,0.95
974,0.50
975,-0.04
976,-0.69
977,-1.20
978,-1.30
979,-1.50
980,-1.50
981,-1.60
982,-1.60
983,-1.50
984,-1.50
985,-1.40
986,-1.50
987,-1.60
988,-1.70
989,-1.60
990,-1.50
991,-1.40
992,-0.99
993,-0.46
994,-0.29
995,0.07
996,0.26
997,0.02
998,-0.11
999,-0.46
1000,-0.91
1001,-1.10
1002,-1.10
1003,-1.00
1004,-0.90
1005,-0.90
1006,-0.80
1007,-0.70
1008,-0.60
1009,-0.50
1010,-0.70
1011,-1.00
1012,-1.20
1013,-1.40
1014,-1.50
1015,-1.70
1016,-1.31
1017,-0.94
1018,-0.78
1019,-0.43
1020,-0.45
1021,-0.82
1022,-1.16
1023,-1.70
1024,-2.23
1025,-2.50
1026,-2.60
1027,-2.60
1028,-2.50
1029,-2.50
1030,-2.40
1031,-2.30
1032,-2.30
1033,-2.20
1034,-2.30
1035,-2.50
1036,-2.60
1037,-2.70
1038,-2.70
1039,-2.80
1040,-2.01
1041,-1.11
1042,-0.47
1043,0.23
1044,0.59
1045,0.64
1046,0.25
1047,-0.39
1048,-0.97
1049,-1.70
1050,-2.00
1051,-2.40
1052,-2.60
1053,-2.70
1054,-2.90
1055,-3.00
1056,-3.20
1057,-3.30
1058,-3.40
1059,-3.60
1060,-3.70
1061,-4.10
1062,-4.50
1063,-4.83
1064,-2.16
1065,1.27
1066,5.14
1067,7.38
1068,7.48
1069,6.19
1070,2.91
1071,0.91
1072,-1.77
1073,-3.50
1074,-4.30
1075,-5.20
1076,-6.00
1077,-6.80
1078,-7.60
1079,-8.60
1080,-9.60
1081,-10.60
1082,-10.40
1083,-10.20
1084,-10.00
1085,-9.00
1086,-8.00
1087,-6.94
1088,-4.88
1089,-0.78
1090,4.26
1091,6.08
1092,6.02
1093,3.97
1094,0.96
1095,-2.37
1096,-6.82
1097,-9.10
1098,-9.80
1099,-10.60
1100,-11.30
1101,-12.10
1102,-12.80
1103,-13.50
1104,-14.30
1105,-15.00
1106,-15.70
1107,-16.30
1108,-17.00
1109,-17.40
1110,-17.70
1111,-17.89
1112,-14.16
1113,-9.65
1114,-8.18
1115,-5.36
1116,-7.22
1117,-5.82
1118,-5.79
1119,-5.86
1120,-6.03
1121,-6.00
1122,-5.60
1123,-5.20
1124,-5.10
1125,-5.00
1126,-4.90
1127,-5.70
1128,-6.50
1129,-7.30
1130,-8.00
1131,-8.70
1132,-9.40
1133,-9.60
1134,-9.80
1135,-9.61
1136,-5.29
1137,5.06
1138,14.56
1139,18.56
1140,13.57
1141,10.91
1142,4.33
1143,-0.21
1144,-3.16
1145,-4.00
1146,-4.00
1147,-3.90
1148,-3.60
1149,-3.40
1150,-3.10
1151,-2.80
1152,-2.60
1153,-2.30
1154,-2.70
1155,-3.10
1156,-3.50
1157,-3.50
1158,-3.50
1159,-3.39
1160,-2.33
1161,-1.18
1162,-0.26
1163,0.51
1164,0.97
1165,1.13
1166,0.77
1167,0.17
1168,-0.40
1169,-0.90
1170,-1.10
1171,-1.20
1172,-1.60
1173,-1.90
1174,-2.30
1175,-2.90
1176,-3.60
1177,-4.20
1178,-4.30
1179,-4.50
1180,-4.60
1181,-4.50
1182,-4.50
1183,-4.24
1184,-3.30
1185,-2.30
1186,-1.49
1187,-0.80
1188,-0.31
1189,-0.41
1190,-0.42
1191,-0.59
1192,-0.99
1193,-2.30
1194,-3.20
1195,-4.00
1196,-4.10
1197,-4.30
1198,-4.40
1199,-4.20
1200,-4.00
1201,-3.80
1202,-4.40
1203,-4.90
1204,-5.50
1205,-5.90
1206,-6.30
1207,-6.54
1208,-3.42
1209,2.94
1210,7.24
1211,8.08
1212,6.56
1213,3.66
1214,2.97
1215,-0.01
1216,-0.52
1217,-1.20
1218,-1.50
1219,-1.70
1220,-2.40
1221,-3.20
1222,-3.90
1223,-3.80
1224,-3.80
1225,-3.70
1226,-3.10
1227,-2.60
1228,-2.00
1229,-1.90
1230,-1.70
1231,-1.42
1232,-0.63
1233,0.07
1234,0.59
1235,0.96
1236,1.02
1237,0.66
1238,-0.57
1239,-1.91
1240,-3.37
1241,-4.30
1242,-4.70
1243,-5.20
1244,-5.90
1245,-6.50
1246,-7.20
1247,-7.40
1248,-7.60
1249,-7.80
1250,-8.00
1251,-8.20
1252,-8.40
1253,-8.80
1254,-9.20
1255,-8.86
1256,-5.34
1257,-1.75
1258,1.17
1259,5.69
1260,8.28
1261,7.91
1262,3.60
1263,-0.93
1264,-3.52
1265,-5.70
1266,-6.50
1267,-7.40
1268,-7.80
1269,-8.30
1270,-8.70
1271,-8.60
1272,-8.60
1273,-8.50
1274,-8.40
1275,-8.20
1276,-8.10
1277,-7.70
1278,-7.20
1279,-6.56
1280,-5.26
1281,-4.07
1282,-2.93
1283,-2.03
1284,-1.37
1285,-1.12
1286,-1.00
1287,-1.05
1288,-1.13
1289,-1.90
1290,-2.00
1291,-2.20
1292,-2.30
1293,-2.50
1294,-2.60
1295,-2.70
1296,-2.90
1297,-3.00
1298,-3.00
1299,-3.00
1300,-3.00
1301,-3.00
1302,-3.00
1303,-2.71
1304,-1.58
1305,-0.48
1306,0.54
1307,11.37
1308,16.23
1309,27.53
1310,21.99
1311,14.16
1312,5.10
1313,0.60
1314,-0.70
1315,-2.00
1316,-2.90
1317,-3.70
1318,-4.60
1319,-5.30
1320,-6.10
1321,-6.80
1322,-8.00
1323,-9.20
1324,-10.40
1325,-11.10
1326,-11.70
1327,-10.56
1328,-2.81
1329,14.75
1330,21.81
1331,27.18
1332,27.95
1333,25.81
1334,21.03
1335,14.74
1336,6.45
1337,1.50
1338,-0.20
1339,-1.80
1340,-2.60
1341,-3.50
1342,-4.30
1343,-5.00
1344,-5.70
1345,-6.40
1346,-7.00
1347,-7.50
1348,-8.10
1349,-8.60
1350,-9.00
1351,-7.48
1352,0.06
1353,15.60
1354,22.49
1355,26.96
1356,28.83
1357,26.44
1358,21.81
1359,15.38
1360,7.70
1361,3.80
1362,2.70
1363,1.70
1364,1.20
1365,0.70
1366,0.20
1367,0.50
1368,0.90
1369,1.20
1370,1.50
1371,1.70
1372,2.00
1373,2.20
1374,2.40
1375,2.88
1376,3.46
1377,4.03
1378,4.49
1379,4.62
1380,4.47
1381,4.07
1382,3.96
1383,3.56
1384,3.13
1385,2.40
1386,2.40
1387,2.30
1388,2.20
1389,2.00
1390,1.90
1391,2.00
1392,2.10
1393,2.20
1394,2.10
1395,1.90
1396,1.80
1397,1.80
1398,1.80
1399,2.14
1400,2.96
1401,3.84
1402,4.49
1403,5.99
1404,10.89
1405,11.31
1406,10.58
1407,9.40
1408,8.15
1409,6.20
1410,5.80
1411,5.30
1412,4.90
1413,4.40
1414,4.00
1415,3.90
1416,3.90
1417,4.10
1418,4.20
1419,4.50
1420,4.60
1421,4.30
1422,3.90
1423,4.81
1424,8.65
1425,12.05
1426,15.29
1427,19.90
1428,24.42
1429,24.96
1430,24.48
1431,20.94
1432,16.93
1433,11.64
1434,9.10
1435,6.90
1436,5.50
1437,4.20
1438,2.80
1439,2.30
1440,1.70
1441,1.20
1442,1.70
1443,2.20
1444,2.70
1445,2.80
1446,2.90
1447,4.68
1448,8.31
1449,12.27
1450,10.47
1451,10.68
1452,10.57
1453,10.02
1454,9.01
1455,7.81
1456,6.60
1457,5.56
1458,5.00
1459,4.60
1460,4.20
1461,3.80
1462,3.40
1463,2.90
1464,2.50
1465,2.00
1466,1.50
1467,1.10
1468,0.60
1469,0.60
1470,0.60
1471,2.57
1472,6.22
1473,11.65
1474,12.68
1475,15.60
1476,16.71
1477,16.82
1478,15.57
1479,12.46
1480,10.77
1481,8.56
1482,7.60
1483,7.00
1484,6.50
1485,6.10
1486,5.60
1487,5.50
1488,5.50
1489,5.40
1490,5.30
1491,5.30
1492,5.20
1493,5.10
1494,4.90
1495,5.35
1496,6.41
1497,10.07
1498,11.38
1499,12.84
1500,13.50
1501,13.12
1502,12.00
1503,10.42
1504,8.43
1505,6.52
1506,5.80
1507,5.50
1508,5.10
1509,4.70
1510,4.30
1511,3.90
1512,3.40
1513,3.00
1514,2.30
1515,1.50
1516,0.80
1517,0.70
1518,0.70
1519,1.21
1520,1.93
1521,2.67
1522,3.06
1523,3.64
1524,3.94
1525,3.85
1526,3.57
1527,2.99
1528,2.29
1529,1.38
1530,1.00
1531,0.90
1532,0.90
1533,0.80
1534,0.80
1535,0.30
1536,-0.30
1537,-0.80
1538,-0.90
1539,-1.00
1540,-1.10
1541,-1.20
1542,-1.20
1543,-0.61
1544,3.50
1545,10.16
1546,14.04
1547,17.06
1548,16.54
1549,16.28
1550,13.24
1551,11.31
1552,8.34
1553,6.11
1554,4.90
1555,4.10
1556,3.10
1557,2.00
1558,1.00
1559,1.30
1560,1.50
1561,1.80
1562,1.80
1563,1.70
1564,1.70
1565,2.00
1566,2.20
1567,3.94
1568,6.41
1569,8.43
1570,10.36
1571,12.02
1572,13.01
1573,13.00
1574,12.04
1575,10.38
1576,8.48
1577,5.78
1578,4.20
1579,3.20
1580,2.40
1581,1.60
1582,0.80
1583,0.40
1584,0.10
1585,-0.30
1586,-0.30
1587,-0.30
1588,-0.30
1589,-0.10
1590,0.00
1591,1.80
1592,6.91
1593,12.52
1594,17.40
1595,19.28
1596,17.67
1597,14.89
1598,13.88
1599,13.43
1600,10.65
1601,6.80
1602,4.30
1603,2.80
1604,2.10
1605,1.40
1606,0.70
1607,0.20
1608,-0.40
1609,-0.90
1610,-1.60
1611,-2.30
1612,-3.00
1613,-3.10
1614,-3.20
1615,-1.06
1616,5.22
1617,10.78
1618,15.49
1619,20.78
1620,22.49
1621,23.21
1622,19.32
1623,16.57
1624,12.78
1625,8.98
1626,6.90
1627,5.40
1628,5.20
1629,5.00
1630,4.80
1631,3.60
1632,2.30
1633,1.10
1634,0.80
1635,0.50
1636,0.20
1637,-0.30
1638,-0.80
1639,1.05
1640,7.92
1641,13.25
1642,19.05
1643,20.15
1644,20.48
1645,17.29
1646,16.14
1647,15.27
1648,12.61
1649,8.35
1650,5.70
1651,4.20
1652,2.90
1653,1.50
1654,0.20
1655,-0.30
1656,-0.70
1657,-1.20
1658,-1.60
1659,-2.00
1660,-2.40
1661,-2.70
1662,-3.10
1663,1.02
1664,14.50
1665,23.40
1666,29.87
1667,23.82
1668,21.62
1669,16.98
1670,14.99
1671,13.88
1672,10.73
1673,6.31
1674,2.90
1675,0.80
1676,-0.10
1677,-0.90
1678,-1.80
1679,-1.50
1680,-1.20
1681,-0.90
1682,-0.70
1683,-0.50
1684,-0.30
1685,-0.30
1686,-0.20
1687,0.57
1688,2.05
1689,3.37
1690,4.62
1691,5.93
1692,11.30
1693,11.09
1694,10.27
1695,6.97
1696,6.67
1697,5.43
1698,4.60
1699,4.10
1700,3.90
1701,3.60
1702,3.40
1703,3.00
1704,2.50
1705,2.10
1706,2.00
1707,1.90
1708,1.80
1709,1.40
1710,1.15
1711,2.26
1712,3.84
1713,2.49
1714,2.87
1715,3.23
1716,3.31
1717,2.97
1718,2.13
1719,1.30
1720,0.22
1721,-1.08
1722,-2.10
1723,-2.80
1724,-3.30
1725,-3.70
1726,-4.20
1727,-4.80
1728,-5.30
1729,-5.90
1730,-5.90
1731,-6.00
1732,-6.00
1733,-5.70
1734,-5.45
1735,-4.58
1736,-0.39
1737,3.28
1738,8.30
1739,10.16
1740,10.74
1741,9.60
1742,6.26
1743,3.47
1744,0.74
1745,-1.61
1746,-3.20
1747,-3.80
1748,-4.00
1749,-4.20
1750,-4.40
1751,-4.70
1752,-5.10
1753,-5.40
1754,-5.30
1755,-5.10
1756,-5.00
1757,-5.00
1758,-4.79
1759,-2.81
1760,1.91
1761,6.58
1762,11.65
1763,13.38
1764,13.86
1765,12.32
1766,8.82
1767,7.24
1768,4.09
1769,2.97
1770,1.00
1771,0.00
1772,0.30
1773,0.50
1774,0.80
1775,0.70
1776,0.50
1777,0.40
1778,0.20
1779,0.10
1780,-0.10
1781,0.10
1782,0.47
1783,2.22
1784,4.99
1785,9.16
1786,11.50
1787,10.55
1788,11.01
1789,7.05
1790,6.05
1791,4.98
1792,3.59
1793,2.33
1794,1.40
1795,0.90
1796,0.90
1797,0.80
1798,0.80
1799,0.20
1800,-0.40
1801,-1.00
1802,-1.40
1803,-1.70
1804,-2.10
1805,-1.70
1806,-0.46
1807,3.46
1808,13.05
1809,15.47
1810,19.58
1811,19.90
1812,17.99
1813,16.47
1814,15.02
1815,12.37
1816,10.88
1817,8.27
1818,6.30
1819,5.30
1820,5.30
1821,5.40
1822,5.40
1823,5.40
1824,5.30
1825,5.30
1826,5.20
1827,5.20
1828,5.10
1829,5.90
1830,6.91
1831,9.02
1832,12.51
1833,15.08
1834,18.63
1835,20.36
1836,19.40
1837,18.63
1838,18.47
1839,16.43
1840,14.58
1841,11.12
1842,8.40
1843,7.30
1844,6.70
1845,6.00
1846,5.40
1847,5.20
1848,5.10
1849,4.90
1850,5.10
1851,5.40
1852,5.60
1853,5.30
1854,5.10
1855,5.48
1856,6.34
1857,10.53
1858,12.50
1859,14.49
1860,15.66
1861,16.27
1862,15.14
1863,13.49
1864,11.66
1865,9.77
1866,8.20
1867,7.70
1868,6.80
1869,6.00
1870,5.10
1871,4.70
1872,4.30
1873,3.90
1874,3.40
1875,3.00
1876,2.50
1877,2.30
1878,2.65
1879,4.62
1880,6.33
1881,8.26
1882,6.19
1883,7.19
1884,7.65
1885,7.85
1886,11.20
1887,11.72
1888,10.95
1889,7.74
1890,5.70
1891,5.00
1892,4.10
1893,3.30
1894,2.40
1895,2.70
1896,3.10
1897,3.40
1898,2.60
1899,1.80
1900,1.00
1901,0.90
1902,1.24
1903,2.84
1904,5.28
1905,7.30
1906,8.89
1907,10.45
1908,11.03
1909,10.72
1910,12.05
1911,10.62
1912,9.38
1913,5.09
1914,2.10
1915,1.00
1916,1.00
1917,1.00
1918,1.00
1919,0.70
1920,0.40
1921,0.10
1922,0.10
1923,0.00
1924,0.00
1925,-0.10
1926,0.37
1927,2.04
1928,5.95
1929,8.27
1930,12.04
1931,12.03
1932,12.94
1933,10.48
1934,10.00
1935,10.24
1936,8.41
1937,6.06
1938,3.90
1939,3.70
1940,3.30
1941,3.00
1942,2.60
1943,2.50
1944,2.50
1945,2.40
1946,1.70
1947,1.10
1948,0.40
1949,0.30
1950,0.60
1951,1.23
1952,2.27
1953,3.25
1954,4.06
1955,4.75
1956,5.05
1957,5.06
1958,4.94
1959,4.79
1960,4.45
1961,3.77
1962,3.10
1963,3.20
1964,3.20
1965,3.20
1966,3.20
1967,3.10
1968,3.00
1969,2.90
1970,3.00
1971,3.10
1972,3.20
1973,3.40
1974,4.30
1975,6.11
1976,9.08
1977,11.72
1978,14.26
1979,16.47
1980,17.96
1981,18.19
1982,19.17
1983,17.18
1984,16.05
1985,13.05
1986,9.60
1987,8.50
1988,8.40
1989,8.20
1990,8.10
1991,7.60
1992,7.10
1993,6.60
1994,6.20
1995,5.80
1996,5.40
1997,5.90
1998,7.42
1999,10.03
2000,13.83
2001,15.91
2002,16.79
2003,17.89
2004,18.42
2005,18.50
2006,16.87
2007,12.98
2008,11.43
2009,9.15
2010,6.90
2011,5.20
2012,4.70
2013,4.20
2014,3.70
2015,3.30
2016,2.80
2017,2.40
2018,2.10
2019,1.70
2020,1.40
2021,1.60
2022,2.85
2023,4.42
2024,6.42
2025,8.08
2026,9.46
2027,11.27
2028,14.70
2029,15.09
2030,13.51
2031,10.53
2032,8.95
2033,6.99
2034,4.90
2035,4.20
2036,4.30
2037,4.50
2038,4.60
2039,4.80
2040,5.10
2041,5.30
2042,5.80
2043,6.20
2044,6.70
2045,6.70
2046,7.11
2047,7.65
2048,8.78
2049,9.77
2050,10.65
2051,11.03
2052,11.03
2053,10.84
2054,10.84
2055,12.63
2056,11.69
2057,7.56
2058,3.03
2059,-0.10
2060,0.00
2061,0.20
2062,0.30
2063,-0.40
2064,-1.00
2065,-1.70
2066,-2.00
2067,-2.30
2068,-2.60
2069,-2.60
2070,-1.05
2071,1.14
2072,4.75
2073,6.09
2074,8.01
2075,9.94
2076,10.40
2077,10.17
2078,9.56
2079,8.50
2080,6.96
2081,4.68
2082,1.73
2083,0.80
2084,0.50
2085,0.10
2086,-0.20
2087,-0.30
2088,-0.40
2089,-0.50
2090,-1.00
2091,-1.50
2092,-2.00
2093,-1.80
2094,-0.27
2095,1.35
2096,3.57
2097,1.93
2098,2.78
2099,3.02
2100,2.88
2101,2.35
2102,2.25
2103,1.95
2104,1.44
2105,0.77
2106,0.16
2107,0.10
2108,-0.20
2109,-0.40
2110,-0.70
2111,-0.80
2112,-0.90
2113,-1.00
2114,-1.20
2115,-1.50
2116,-1.70
2117,-1.90
2118,-0.85
2119,0.61
2120,2.92
2121,1.51
2122,2.66
2123,4.25
2124,10.40
2125,10.51
2126,9.17
2127,7.22
2128,5.00
2129,3.73
2130,1.35
2131,0.80
2132,0.30
2133,-0.30
2134,-0.80
2135,-1.50
2136,-2.20
2137,-2.90
2138,-2.70
2139,-2.50
2140,-2.30
2141,-2.20
2142,-0.19
2143,1.33
2144,4.46
2145,9.38
2146,11.94
2147,14.08
2148,12.38
2149,12.03
2150,11.04
2151,6.06
2152,4.97
2153,5.68
2154,3.99
2155,4.00
2156,3.90
2157,3.60
2158,3.50
2159,3.70
2160,3.90
2161,4.50
2162,4.10
2163,3.70
2164,3.30
2165,3.70
2166,5.55
2167,8.85
2168,12.83
2169,15.16
2170,15.74
2171,20.76
2172,22.48
2173,24.64
2174,21.48
2175,18.61
2176,15.34
2177,14.68
2178,11.90
2179,10.40
2180,10.20
2181,10.00
2182,9.80
2183,9.70
2184,9.50
2185,9.40
2186,9.30
2187,9.30
2188,9.20
2189,9.40
2190,10.17
2191,11.10
2192,15.65
2193,18.29
2194,22.55
2195,25.20
2196,29.09
2197,28.91
2198,27.16
2199,23.84
2200,21.71
2201,17.28
2202,12.78
2203,9.60
2204,9.60
2205,9.60
2206,9.60
2207,8.30
2208,7.10
2209,5.80
2210,5.70
2211,5.70
2212,5.60
2213,6.00
2214,8.61
2215,12.27
2216,15.89
2217,17.29
2218,17.55
2219,18.10
2220,13.39
2221,12.67
2222,17.27
2223,18.96
2224,18.93
2225,15.64
2226,12.27
2227,10.80
2228,9.70
2229,8.60
2230,7.50
2231,6.70
2232,5.80
2233,5.00
2234,4.80
2235,4.50
2236,4.30
2237,4.80
2238,8.99
2239,14.46
2240,22.11
2241,28.78
2242,34.32
2243,33.48
2244,35.43
2245,32.19
2246,29.41
2247,25.87
2248,23.29
2249,20.31
2250,17.15
2251,15.00
2252,13.70
2253,12.40
2254,11.10
2255,10.00
2256,8.90
2257,7.80
2258,7.90
2259,7.90
2260,8.00
2261,8.10
2262,11.56
2263,16.09
2264,21.65
2265,27.57
2266,31.79
2267,34.21
2268,35.96
2269,34.75
2270,33.55
2271,32.52
2272,29.44
2273,24.98
2274,20.26
2275,17.90
2276,16.30
2277,14.60
2278,13.00
2279,11.70
2280,10.50
2281,9.20
2282,8.90
2283,8.50
2284,8.20
2285,9.20
2286,14.21
2287,19.98
2288,27.65
2289,33.65
2290,38.50
2291,37.06
2292,38.53
2293,34.52
2294,29.91
2295,26.41
2296,22.13
2297,20.06
2298,17.50
2299,16.00
2300,14.70
2301,13.30
2302,12.00
2303,11.50
2304,10.90
2305,10.40
2306,10.30
2307,10.30
2308,10.20
2309,10.00
2310,10.59
2311,11.04
2312,12.15
2313,13.19
2314,14.07
2315,14.73
2316,15.02
2317,14.84
2318,14.49
2319,16.62
2320,15.07
2321,13.42
2322,10.90
2323,10.10
2324,9.70
2325,9.40
2326,9.00
2327,8.00
2328,7.10
2329,6.10
2330,5.80
2331,5.40
2332,5.10
2333,6.10
2334,9.91
2335,13.21
2336,16.49
2337,19.85
2338,20.52
2339,21.17
2340,16.43
2341,15.78
2342,15.71
2343,15.34
2344,14.88
2345,13.60
2346,12.18
2347,11.30
2348,10.50
2349,9.60
2350,8.80
2351,8.90
2352,8.90
2353,9.00
2354,8.20
2355,7.40
2356,6.60
2357,7.10
2358,10.49
2359,16.32
2360,18.89
2361,22.97
2362,24.05
2363,23.82
2364,23.94
2365,21.13
2366,21.01
2367,20.14
2368,18.95
2369,16.63
2370,13.57
2371,12.40
2372,11.90
2373,11.50
2374,11.00
2375,10.10
2376,9.30
2377,8.40
2378,8.30
2379,8.10
2380,8.00
2381,8.13
2382,8.98
2383,9.81
2384,10.61
2385,11.38
2386,12.03
2387,12.72
2388,13.08
2389,12.93
2390,12.65
2391,12.27
2392,11.56
2393,12.19
2394,10.42
2395,9.20
2396,8.50
2397,7.70
2398,7.00
2399,6.10
2400,5.10
2401,4.20
2402,3.90
2403,3.70
2404,3.40
2405,3.90
2406,7.26
2407,10.76
2408,14.85
2409,16.66
2410,17.04
2411,17.69
2412,11.45
2413,10.40
2414,10.98
2415,14.95
2416,14.33
2417,11.94
2418,8.16
2419,5.40
2420,5.10
2421,4.70
2422,4.40
2423,4.20
2424,4.00
2425,3.80
2426,3.60
2427,3.50
2428,3.30
2429,4.94
2430,8.83
2431,12.47
2432,16.82
2433,20.69
2434,24.26
2435,24.03
2436,21.59
2437,17.42
2438,16.97
2439,12.78
2440,12.27
2441,10.48
2442,8.72
2443,7.20
2444,7.10
2445,7.10
2446,7.00
2447,6.90
2448,6.70
2449,6.60
2450,6.30
2451,6.10
2452,5.80
2453,5.89
2454,6.50
2455,7.12
2456,8.07
2457,8.94
2458,9.93
2459,11.32
2460,18.02
2461,17.84
2462,16.43
2463,14.93
2464,13.47
2465,11.76
2466,9.05
2467,8.00
2468,6.90
2469,5.70
2470,4.60
2471,4.50
2472,4.30
2473,4.20
2474,4.80
2475,5.40
2476,6.00
2477,6.21
2478,7.97
2479,9.29
2480,12.67
2481,14.98
2482,18.70
2483,20.78
2484,21.73
2485,21.04
2486,19.71
2487,17.09
2488,15.63
2489,13.64
2490,10.45
2491,7.90
2492,6.60
2493,5.30
2494,4.00
2495,3.60
2496,3.20
2497,2.80
2498,2.60
2499,2.40
2500,2.20
2501,3.51
2502,7.44
2503,12.61
2504,15.66
2505,17.61
2506,17.30
2507,19.94
2508,21.24
2509,20.52
2510,19.09
2511,18.05
2512,15.14
2513,12.03
2514,9.17
2515,7.40
2516,7.10
2517,6.90
2518,6.60
2519,6.10
2520,5.50
2521,5.00
2522,4.30
2523,3.50
2524,2.80
2525,3.62
2526,4.69
2527,5.86
2528,7.10
2529,8.31
2530,9.18
2531,16.03
2532,17.30
2533,19.81
2534,15.89
2535,14.00
2536,9.68
2537,8.34
2538,6.78
2539,5.40
2540,5.10
2541,4.70
2542,4.40
2543,4.30
2544,4.10
2545,4.00
2546,3.90
2547,3.70
2548,3.60
2549,4.11
2550,6.15
2551,8.02
2552,10.88
2553,13.25
2554,15.16
2555,17.16
2556,18.35
2557,18.84
2558,17.79
2559,18.21
2560,15.87
2561,14.16
2562,11.68
2563,9.10
2564,8.00
2565,7.00
2566,5.90
2567,5.00
2568,4.20
2569,3.30
2570,2.70
2571,2.20
2572,1.60
2573,2.95
2574,6.00
2575,8.26
2576,10.39
2577,13.38
2578,11.43
2579,17.88
2580,21.73
2581,24.05
2582,23.86
2583,23.47
2584,21.88
2585,16.39
2586,13.10
2587,9.60
2588,8.00
2589,6.40
2590,4.80
2591,3.70
2592,2.70
2593,1.60
2594,0.90
2595,0.10
2596,-0.60
2597,2.19
2598,6.60
2599,8.75
2600,12.21
2601,15.64
2602,18.19
2603,23.48
2604,29.07
2605,30.86
2606,29.72
2607,26.74
2608,24.67
2609,18.61
2610,14.99
2611,11.20
2612,9.40
2613,7.60
2614,5.80
2615,4.70
2616,3.70
2617,2.60
2618,2.30
2619,1.90
2620,1.60
2621,4.49
2622,11.06
2623,16.15
2624,21.63
2625,27.65
2626,30.10
2627,33.14
2628,33.56
2629,32.54
2630,32.28
2631,29.61
2632,27.59
2633,22.40
2634,19.25
2635,15.20
2636,13.80
2637,12.30
2638,10.90
2639,10.00
2640,9.10
2641,8.20
2642,8.10
2643,7.90
2644,7.80
2645,10.73
2646,16.07
2647,20.50
2648,27.53
2649,34.21
2650,38.63
2651,43.65
2652,39.98
2653,39.47
2654,37.67
2655,33.87
2656,29.77
2657,24.32
2658,21.93
2659,17.60
2660,16.10
2661,14.70
2662,13.20
2663,11.90
2664,10.60
2665,9.30
2666,8.50
2667,7.60
2668,6.80
2669,9.67
2670,15.74
2671,20.93
2672,30.19
2673,37.36
2674,43.11
2675,47.17
2676,42.71
2677,40.69
2678,39.08
2679,39.22
2680,33.74
2681,26.33
2682,22.78
2683,17.80
2684,15.40
2685,13.00
2686,10.60
2687,11.10
2688,11.60
2689,12.10
2690,11.10
2691,10.20
2692,9.20
2693,11.23
2694,14.55
2695,16.19
2696,20.24
2697,25.36
2698,28.86
2699,31.59
2700,33.76
2701,33.27
2702,33.50
2703,31.56
2704,29.35
2705,22.37
2706,18.13
2707,13.50
2708,12.30
2709,11.20
2710,10.00
2711,9.10
2712,8.30
2713,7.40
2714,7.00
2715,6.60
2716,6.20
2717,5.39
2718,4.82
2719,4.23
2720,4.62
2721,5.02
2722,5.06
2723,5.61
2724,5.70
2725,5.44
2726,4.98
2727,4.31
2728,3.65
2729,2.64
2730,1.42
2731,0.30
2732,0.20
2733,0.20
2734,0.10
2735,0.10
2736,0.10
2737,0.10
2738,-0.10
2739,-0.40
2740,-0.60
2741,0.79
2742,4.10
2743,9.05
2744,10.79
2745,12.77
2746,6.86
2747,8.11
2748,9.17
2749,9.85
2750,10.21
2751,10.13
2752,10.08
2753,8.57
2754,7.02
2755,5.40
2756,4.10
2757,2.70
2758,1.40
2759,0.90
2760,0.30
2761,-0.20
2762,-0.40
2763,-0.70
2764,-0.90
2765,0.46
2766,3.44
2767,6.84
2768,10.70
2769,12.44
2770,14.61
2771,15.62
2772,15.73
2773,14.83
2774,14.51
2775,13.26
2776,11.75
2777,9.48
2778,7.93
2779,5.00
2780,4.30
2781,3.70
2782,3.00
2783,2.20
2784,1.30
2785,0.50
2786,-0.20
2787,-0.80
2788,-1.50
2789,1.71
2790,5.84
2791,8.94
2792,12.57
2793,16.09
2794,18.07
2795,18.06
2796,16.35
2797,11.60
2798,11.26
2799,10.75
2800,10.27
2801,9.53
2802,8.70
2803,7.83
2804,6.70
2805,5.70
2806,4.60
2807,4.10
2808,3.70
2809,3.20
2810,3.40
2811,3.50
2812,3.70
2813,4.95
2814,6.54
2815,7.91
2816,8.90
2817,13.77
2818,15.19
2819,14.66
2820,13.55
2821,11.57
2822,11.54
2823,6.76
2824,6.66
2825,5.63
2826,4.53
2827,3.33
2828,2.60
2829,2.00
2830,1.30
2831,1.40
2832,1.50
2833,1.60
2834,1.60
2835,1.70
2836,1.70
2837,2.51
2838,3.61
2839,4.56
2840,5.66
2841,6.64
2842,7.34
2843,13.45
2844,14.52
2845,16.55
2846,15.78
2847,12.82
2848,11.57
2849,9.02
2850,5.65
2851,2.01
2852,1.80
2853,1.70
2854,1.70
2855,1.60
2856,1.60
2857,1.50
2858,1.50
2859,1.60
2860,1.60
2861,2.48
2862,3.87
2863,5.23
2864,7.40
2865,5.36
2866,6.27
2867,6.90
2868,11.67
2869,11.26
2870,10.46
2871,6.10
2872,5.14
2873,4.41
2874,3.50
2875,2.59
2876,2.80
2877,3.00
2878,3.30
2879,3.50
2880,3.60
2881,3.90
2882,3.60
2883,3.30
2884,3.10
2885,3.88
2886,4.82
2887,5.87
2888,7.06
2889,8.12
2890,8.88
2891,9.86
2892,10.56
2893,10.75
2894,11.28
2895,11.41
2896,11.47
2897,11.02
2898,10.63
2899,10.12
2900,9.80
2901,9.60
2902,9.40
2903,8.90
2904,8.50
2905,8.00
2906,7.60
2907,7.20
2908,6.80
2909,6.98
2910,7.37
2911,7.74
2912,9.02
2913,10.30
2914,11.41
2915,12.50
2916,13.19
2917,13.60
2918,13.48
2919,13.34
2920,13.00
2921,11.72
2922,11.75
2923,9.42
2924,9.40
2925,9.70
2926,10.00
2927,9.30
2928,8.50
2929,7.80
2930,6.70
2931,5.50
2932,4.40
2933,8.02
2934,11.13
2935,14.87
2936,18.68
2937,22.45
2938,25.11
2939,27.01
2940,25.15
2941,25.24
2942,26.47
2943,24.73
2944,23.60
2945,20.25
2946,18.13
2947,14.58
2948,13.10
2949,12.20
2950,11.30
2951,11.10
2952,11.00
2953,10.80
2954,10.70
2955,10.50
2956,10.40
2957,11.14
2958,13.60
2959,15.55
2960,17.31
2961,14.26
2962,14.60
2963,22.33
2964,26.61
2965,29.02
2966,27.30
2967,23.53
2968,21.55
2969,18.70
2970,16.14
2971,14.02
2972,12.70
2973,11.90
2974,11.00
2975,10.90
2976,10.70
2977,10.60
2978,10.70
2979,10.70
2980,10.80
2981,13.30
2982,14.51
2983,20.44
2984,27.39
2985,33.89
2986,37.99
2987,34.04
2988,32.95
2989,29.24
2990,27.85
2991,23.69
2992,21.54
2993,19.41
2994,17.21
2995,14.68
2996,13.40
2997,12.60
2998,11.80
2999,11.50
3000,11.30
3001,11.00
3002,10.70
3003,10.30
3004,10.00
3005,11.04
3006,12.72
3007,14.64
3008,15.14
3009,16.71
3010,12.77
3011,13.16
3012,13.18
3013,12.74
3014,11.15
3015,13.52
3016,10.49
3017,9.02
3018,8.42
3019,6.57
3020,5.50
3021,4.90
3022,4.40
3023,4.60
3024,4.80
3025,5.00
3026,4.80
3027,4.70
3028,4.50
3029,5.33
3030,6.18
3031,7.14
3032,8.14
3033,8.80
3034,9.40
3035,11.06
3036,17.72
3037,18.24
3038,17.93
3039,18.73
3040,16.85
3041,15.11
3042,14.00
3043,11.62
3044,9.90
3045,8.90
3046,8.00
3047,7.60
3048,7.10
3049,6.70
3050,5.90
3051,5.20
3052,4.40
3053,7.80
3054,9.95
3055,14.53
3056,19.68
3057,23.93
3058,28.22
3059,28.82
3060,29.45
3061,26.78
3062,25.29
3063,22.24
3064,20.53
3065,17.86
3066,15.52
3067,11.97
3068,10.10
3069,9.10
3070,8.10
3071,8.00
3072,8.00
3073,7.90
3074,7.90
3075,7.90
3076,7.90
3077,8.94
3078,11.91
3079,14.09
3080,17.35
3081,20.09
3082,22.37
3083,26.82
3084,27.95
3085,30.12
3086,29.17
3087,27.65
3088,25.45
3089,21.29
3090,19.18
3091,15.32
3092,13.10
3093,12.00
3094,10.80
3095,10.20
3096,9.50
3097,8.90
3098,7.60
3099,6.20
3100,4.90
3101,10.08
3102,13.28
3103,19.67
3104,25.06
3105,29.05
3106,32.06
3107,34.37
3108,34.82
3109,34.28
3110,32.61
3111,29.03
3112,26.29
3113,23.61
3114,20.99
3115,18.46
3116,16.40
3117,15.00
3118,13.60
3119,13.30
3120,13.00
3121,12.70
3122,12.60
3123,12.40
3124,12.30
3125,13.28
3126,15.82
3127,17.76
3128,19.11
3129,15.79
3130,15.76
3131,17.29
3132,24.90
3133,25.35
3134,27.86
3135,26.17
3136,25.24
3137,21.20
3138,18.52
3139,15.84
3140,14.30
3141,13.00
3142,11.80
3143,11.80
3144,11.80
3145,11.80
3146,11.40
3147,10.90
3148,10.50
3149,13.49
3150,16.93
3151,20.23
3152,23.41
3153,23.83
3154,25.56
3155,26.62
3156,20.93
3157,20.40
3158,27.62
3159,28.02
3160,26.80
3161,23.11
3162,21.50
3163,18.26
3164,15.70
3165,14.30
3166,12.80
3167,12.10
3168,11.30
3169,10.60
3170,10.90
3171,11.30
3172,11.60
3173,12.65
3174,15.77
3175,17.64
3176,20.44
3177,22.86
3178,24.96
3179,27.26
3180,28.68
3181,29.30
3182,27.50
3183,27.48
3184,24.59
3185,20.47
3186,17.71
3187,13.93
3188,12.80
3189,12.00
3190,11.20
3191,10.90
3192,10.60
3193,10.30
3194,9.60
3195,8.90
3196,8.23
3197,12.39
3198,15.67
3199,19.39
3200,23.54
3201,24.60
3202,27.39
3203,28.59
3204,28.91
3205,27.77
3206,26.66
3207,25.28
3208,23.31
3209,21.02
3210,17.52
3211,16.24
3212,14.90
3213,14.00
3214,13.00
3215,12.60
3216,12.10
3217,11.70
3218,11.30
3219,11.00
3220,10.63
3221,13.04
3222,15.16
3223,19.05
3224,23.86
3225,29.30
3226,32.62
3227,34.93
3228,34.71
3229,33.07
3230,32.87
3231,29.94
3232,27.56
3233,22.49
3234,22.62
3235,17.75
3236,14.30
3237,12.80
3238,11.40
3239,10.70
3240,10.00
3241,9.30
3242,8.10
3243,6.80
3244,5.80
3245,11.75
3246,14.26
3247,20.74
3248,26.08
3249,30.03
3250,33.27
3251,37.03
3252,38.25
3253,37.54
3254,35.16
3255,32.19
3256,28.09
3257,23.50
3258,23.85
3259,19.22
3260,15.20
3261,13.20
3262,11.20
3263,10.70
3264,10.10
3265,9.60
3266,8.90
3267,8.10
3268,7.76
3269,14.77
3270,16.54
3271,24.64
3272,31.76
3273,37.12
3274,41.20
3275,44.34
3276,45.42
3277,44.42
3278,42.73
3279,39.61
3280,35.19
3281,28.00
3282,27.19
3283,21.84
3284,16.90
3285,14.20
3286,11.50
3287,10.70
3288,10.00
3289,9.20
3290,8.90
3291,8.70
3292,8.76
3293,15.27
3294,18.05
3295,26.58
3296,31.60
3297,35.71
3298,38.62
3299,40.91
3300,40.69
3301,39.05
3302,37.68
3303,36.27
3304,32.52
3305,27.57
3306,26.68
3307,22.36
3308,19.20
3309,17.70
3310,16.30
3311,15.50
3312,14.70
3313,13.90
3314,12.60
3315,11.30
3316,10.39
3317,16.20
3318,18.91
3319,24.53
3320,29.30
3321,33.05
3322,36.16
3323,38.19
3324,39.85
3325,37.97
3326,36.20
3327,33.25
3328,30.55
3329,25.63
3330,22.01
3331,17.34
3332,15.60
3333,14.70
3334,13.90
3335,13.10
3336,12.40
3337,11.60
3338,11.10
3339,10.70
3340,10.60
3341,15.85
3342,19.48
3343,25.21
3344,29.90
3345,32.74
3346,35.89
3347,38.91
3348,39.84
3349,39.25
3350,33.76
3351,27.27
3352,21.30
3353,19.71
3354,16.38
3355,15.11
3356,14.70
3357,14.70
3358,14.80
3359,14.50
3360,14.10
3361,13.80
3362,13.40
3363,13.00
3364,12.87
3365,16.22
3366,19.29
3367,24.15
3368,30.49
3369,38.42
3370,49.57
3371,45.45
3372,41.90
3373,38.67
3374,37.07
3375,34.55
3376,30.59
3377,25.57
3378,24.21
3379,19.57
3380,15.90
3381,14.30
3382,12.70
3383,11.60
3384,10.50
3385,9.40
3386,8.70
3387,8.10
3388,8.14
3389,13.59
3390,14.22
3391,20.65
3392,25.31
3393,28.41
3394,31.55
3395,34.59
3396,35.35
3397,36.90
3398,34.46
3399,31.17
3400,27.46
3401,22.40
3402,21.22
3403,17.50
3404,14.30
3405,13.00
3406,11.70
3407,10.10
3408,8.40
3409,6.80
3410,6.30
3411,5.80
3412,5.81
3413,10.87
3414,14.43
3415,21.53
3416,27.67
3417,32.35
3418,35.93
3419,37.57
3420,40.80
3421,39.68
3422,34.17
3423,31.78
3424,27.07
3425,22.62
3426,21.72
3427,17.89
3428,13.60
3429,12.10
3430,10.50
3431,9.10
3432,7.70
3433,6.30
3434,6.00
3435,5.70
3436,5.77
3437,9.69
3438,14.02
3439,18.63
3440,23.34
3441,29.70
3442,33.34
3443,35.54
3444,37.95
3445,36.26
3446,34.53
3447,32.32
3448,29.65
3449,24.77
3450,22.41
3451,18.26
3452,14.80
3453,13.20
3454,11.60
3455,10.80
3456,10.00
3457,9.20
3458,8.70
3459,8.10
3460,8.32
3461,14.54
3462,17.38
3463,26.07
3464,30.62
3465,34.18
3466,36.57
3467,38.78
3468,38.31
3469,36.60
3470,34.59
3471,32.72
3472,29.60
3473,25.01
3474,24.37
3475,20.32
3476,17.00
3477,15.60
3478,14.20
3479,13.10
3480,11.90
3481,10.80
3482,10.30
3483,9.70
3484,9.94
3485,14.97
3486,17.22
3487,22.43
3488,28.19
3489,33.39
3490,37.86
3491,37.86
3492,37.86
3493,34.81
3494,34.97
3495,34.67
3496,32.12
3497,26.65
3498,24.96
3499,20.84
3500,17.30
3501,15.70
3502,14.00
3503,13.20
3504,12.40
3505,11.60
3506,11.30
3507,10.90
3508,11.50
3509,17.19
3510,19.29
3511,27.89
3512,35.81
3513,43.20
3514,49.50
3515,47.39
3516,42.93
3517,39.81
3518,33.36
3519,25.24
3520,18.09
3521,18.32
3522,19.93
3523,18.88
3524,16.50
3525,15.50
3526,14.40
3527,13.20
3528,12.00
3529,10.80
3530,10.60
3531,10.40
3532,10.85
3533,14.99
3534,17.77
3535,21.08
3536,24.40
3537,21.89
3538,23.60
3539,31.96
3540,36.60
3541,38.11
3542,32.78
3543,27.29
3544,20.54
3545,19.16
3546,17.78
3547,16.38
3548,14.90
3549,14.10
3550,13.20
3551,12.80
3552,12.30
3553,11.90
3554,11.40
3555,10.90
3556,11.12
3557,14.82
3558,16.95
3559,20.14
3560,25.88
3561,33.02
3562,37.93
3563,39.02
3564,38.62
3565,35.05
3566,33.27
3567,30.08
3568,26.73
3569,23.60
3570,21.62
3571,18.77
3572,15.70
3573,14.30
3574,13.00
3575,12.30
3576,11.70
3577,11.00
3578,10.30
3579,9.70
3580,9.99
3581,15.48
3582,18.72
3583,24.17
3584,28.58
3585,32.74
3586,36.49
3587,38.92
3588,40.14
3589,38.84
3590,36.77
3591,32.87
3592,29.00
3593,23.52
3594,20.51
3595,15.81
3596,15.00
3597,14.70
3598,14.50
3599,14.10
3600,13.70
3601,13.30
3602,13.20
3603,13.10
3604,13.58
3605,16.15
3606,18.53
3607,21.12
3608,23.00
3609,19.32
3610,19.65
3611,18.37
3612,16.73
3613,14.49
3614,14.16
3615,13.51
3616,12.65
3617,15.75
3618,15.13
3619,12.95
3620,9.10
3621,7.60
3622,6.20
3623,5.60
3624,4.90
3625,4.90
3626,5.20
3627,5.40
3628,6.45
3629,11.45
3630,13.87
3631,21.43
3632,24.23
3633,28.09
3634,29.35
3635,29.11
3636,29.96
3637,26.12
3638,25.62
3639,24.79
3640,23.03
3641,20.05
3642,15.40
3643,13.51
3644,12.30
3645,11.60
3646,11.00
3647,10.80
3648,10.70
3649,10.50
3650,9.70
3651,8.80
3652,8.26
3653,9.60
3654,10.84
3655,11.99
3656,13.81
3657,20.46
3658,22.78
3659,24.13
3660,17.57
3661,17.07
3662,16.56
3663,20.61
3664,18.47
3665,17.19
3666,16.67
3667,14.56
3668,11.80
3669,10.90
3670,9.90
3671,9.50
3672,9.20
3673,8.80
3674,8.60
3675,8.40
3676,8.94
3677,12.34
3678,14.44
3679,17.39
3680,19.26
3681,15.67
3682,16.06
3683,16.18
3684,16.17
3685,15.41
3686,15.36
3687,14.74
3688,14.15
3689,13.66
3690,13.13
3691,12.58
3692,11.80
3693,11.70
3694,11.60
3695,11.70
3696,11.70
3697,11.80
3698,11.80
3699,11.90
3700,12.17
3701,13.69
3702,17.01
3703,19.16
3704,21.93
3705,24.68
3706,27.12
3707,28.36
3708,28.93
3709,28.19
3710,27.26
3711,27.97
3712,25.84
3713,21.72
3714,19.32
3715,15.22
3716,14.20
3717,13.90
3718,13.60
3719,13.50
3720,13.30
3721,13.20
3722,13.00
3723,12.70
3724,12.83
3725,13.65
3726,14.27
3727,14.90
3728,15.72
3729,16.40
3730,16.91
3731,17.30
3732,17.40
3733,16.82
3734,16.84
3735,16.73
3736,16.37
3737,15.90
3738,17.10
3739,15.37
3740,13.50
3741,13.00
3742,12.60
3743,12.00
3744,11.40
3745,10.80
3746,10.40
3747,10.00
3748,10.69
3749,14.64
3750,15.87
3751,20.96
3752,24.93
3753,27.51
3754,29.71
3755,31.93
3756,33.23
3757,33.18
3758,32.93
3759,30.85
3760,28.47
3761,24.94
3762,23.86
3763,20.81
3764,17.20
3765,16.00
3766,14.70
3767,14.70
3768,14.70
3769,14.70
3770,14.10
3771,13.40
3772,13.92
3773,18.16
3774,20.41
3775,24.65
3776,27.41
3777,30.19
3778,30.09
3779,31.81
3780,32.77
3781,33.14
3782,32.61
3783,31.11
3784,29.59
3785,26.38
3786,21.57
3787,18.97
3788,17.60
3789,16.80
3790,16.10
3791,16.10
3792,16.20
3793,16.20
3794,16.00
3795,15.80
3796,16.27
3797,19.67
3798,22.14
3799,26.33
3800,30.95
3801,32.85
3802,35.66
3803,37.27
3804,37.31
3805,36.41
3806,35.62
3807,34.24
3808,32.10
3809,26.59
3810,22.95
3811,18.50
3812,16.00
3813,13.90
3814,11.90
3815,11.60
3816,11.30
3817,11.00
3818,10.90
3819,10.90
3820,11.14
3821,12.56
3822,13.85
3823,15.22
3824,16.75
3825,17.99
3826,19.01
3827,20.55
3828,21.31
3829,21.84
3830,21.09
3831,25.31
3832,23.29
3833,20.79
3834,16.66
3835,15.31
3836,14.60
3837,14.50
3838,14.50
3839,14.10
3840,13.60
3841,13.20
3842,13.20
3843,13.30
3844,13.64
3845,14.69
3846,15.62
3847,16.64
3848,18.27
3849,19.89
3850,21.33
3851,21.45
3852,28.48
3853,27.50
3854,29.57
3855,28.09
3856,27.34
3857,23.70
3858,18.60
3859,19.73
3860,14.50
3861,12.70
3862,11.00
3863,10.50
3864,10.10
3865,9.60
3866,9.70
3867,9.80
3868,11.05
3869,16.17
3870,18.90
3871,25.42
3872,30.83
3873,34.84
3874,37.50
3875,40.47
3876,40.66
3877,39.42
3878,39.77
3879,37.34
3880,34.47
3881,28.72
3882,23.75
3883,24.66
3884,18.10
3885,15.70
3886,13.40
3887,12.50
3888,11.70
3889,10.80
3890,10.70
3891,10.70
3892,12.22
3893,17.99
3894,20.74
3895,26.47
3896,30.11
3897,33.69
3898,33.90
3899,39.78
3900,41.04
3901,43.41
3902,41.40
3903,38.11
3904,34.88
3905,30.95
3906,26.75
3907,25.59
3908,21.60
3909,20.00
3910,18.30
3911,17.60
3912,16.90
3913,16.20
3914,15.60
3915,15.10
3916,15.24
3917,19.54
3918,22.99
3919,28.24
3920,33.81
3921,38.24
3922,43.15
3923,46.19
3924,47.41
3925,45.58
3926,44.33
3927,42.83
3928,38.29
3929,32.37
3930,27.90
3931,26.88
3932,23.10
3933,21.50
3934,20.00
3935,19.20
3936,18.30
3937,17.50
3938,16.90
3939,16.40
3940,17.36
3941,23.04
3942,24.24
3943,30.80
3944,35.39
3945,37.46
3946,39.06
3947,38.20
3948,38.35
3949,34.86
3950,37.12
3951,36.20
3952,35.23
3953,30.77
3954,27.15
3955,24.51
3956,21.50
3957,19.90
3958,18.40
3959,17.70
3960,17.10
3961,16.40
3962,15.90
3963,15.30
3964,16.11
3965,19.44
3966,20.70
3967,21.95
3968,25.53
3969,28.97
3970,31.66
3971,34.15
3972,35.43
3973,35.96
3974,35.89
3975,34.96
3976,34.17
3977,30.25
3978,26.09
3979,22.21
3980,20.90
3981,21.00
3982,21.20
3983,20.00
3984,18.70
3985,17.50
3986,16.40
3987,15.20
3988,14.82
3989,15.90
3990,14.82
3991,14.84
3992,14.59
3993,14.18
3994,13.67
3995,14.62
3996,15.17
3997,15.32
3998,15.33
3999,19.06
4000,17.82
4001,17.35
4002,15.02
4003,14.35
4004,11.60
4005,10.80
4006,10.10
4007,9.60
4008,9.20
4009,8.70
4010,8.50
4011,8.20
4012,9.12
4013,13.00
4014,14.99
4015,18.65
4016,21.09
4017,23.51
4018,23.10
4019,23.92
4020,24.01
4021,23.31
4022,25.45
4023,24.29
4024,23.93
4025,21.19
4026,17.41
4027,17.06
4028,12.20
4029,10.30
4030,8.30
4031,8.20
4032,8.00
4033,7.90
4034,7.90
4035,7.90
4036,8.62
4037,12.18
4038,14.80
4039,18.64
4040,20.56
4041,20.42
4042,16.74
4043,16.27
4044,20.76
4045,19.46
4046,19.48
4047,19.34
4048,18.99
4049,16.98
4050,14.45
4051,12.44
4052,10.50
4053,9.90
4054,9.30
4055,8.60
4056,7.80
4057,7.10
4058,7.10
4059,7.10
4060,7.87
4061,11.03
4062,13.76
4063,16.58
4064,19.28
4065,23.26
4066,25.22
4067,26.83
4068,29.44
4069,29.28
4070,28.52
4071,27.77
4072,25.78
4073,22.71
4074,18.87
4075,18.79
4076,14.40
4077,12.60
4078,10.90
4079,10.50
4080,10.20
4081,9.80
4082,10.10
4083,10.40
4084,11.52
4085,14.53
4086,17.70
4087,20.86
4088,24.38
4089,27.20
4090,29.85
4091,32.88
4092,34.06
4093,34.21
4094,32.68
4095,30.63
4096,28.42
4097,25.39
4098,21.66
4099,19.20
4100,16.00
4101,14.60
4102,13.10
4103,12.10
4104,11.20
4105,10.20
4106,9.60
4107,9.10
4108,10.01
4109,15.36
4110,17.27
4111,23.15
4112,28.90
4113,32.24
4114,34.57
4115,35.79
4116,32.53
4117,31.76
4118,31.04
4119,29.91
4120,28.24
4121,25.80
4122,23.17
4123,21.10
4124,18.50
4125,17.40
4126,16.40
4127,15.70
4128,15.00
4129,14.30
4130,13.90
4131,13.40
4132,14.60
4133,17.92
4134,18.65
4135,16.78
4136,18.37
4137,19.82
4138,21.23
4139,22.48
4140,30.43
4141,30.56
4142,28.12
4143,21.06
4144,19.72
4145,18.56
4146,17.30
4147,15.96
4148,15.00
4149,14.80
4150,14.50
4151,14.30
4152,14.00
4153,13.80
4154,13.50
4155,13.10
4156,13.15
4157,14.05
4158,15.04
4159,15.91
4160,17.75
4161,24.86
4162,26.73
4163,31.52
4164,34.94
4165,36.20
4166,33.42
4167,29.92
4168,26.27
4169,25.31
4170,22.76
4171,21.41
4172,18.20
4173,17.40
4174,16.50
4175,15.80
4176,15.20
4177,14.50
4178,14.30
4179,14.00
4180,14.76
4181,17.95
4182,19.32
4183,23.87
4184,27.80
4185,29.47
4186,30.24
4187,32.38
4188,33.43
4189,32.68
4190,32.48
4191,32.37
4192,30.19
4193,25.85
4194,22.18
4195,19.62
4196,17.20
4197,16.20
4198,15.20
4199,14.60
4200,14.10
4201,13.50
4202,13.50
4203,13.60
4204,14.28
4205,16.10
4206,18.31
4207,20.75
4208,22.83
4209,22.77
4210,23.46
4211,25.48
4212,26.33
4213,26.36
4214,25.49
4215,24.40
4216,23.08
4217,22.49
4218,18.65
4219,18.87
4220,14.50
4221,13.30
4222,12.10
4223,11.40
4224,10.70
4225,10.00
4226,9.50
4227,9.10
4228,10.01
4229,14.54
4230,16.41
4231,18.82
4232,24.90
4233,31.37
4234,36.35
4235,37.32
4236,38.41
4237,35.27
4238,34.03
4239,33.70
4240,30.97
4241,27.59
4242,24.79
4243,22.41
4244,19.70
4245,18.60
4246,17.40
4247,16.80
4248,16.20
4249,15.60
4250,15.50
4251,15.30
4252,15.94
4253,18.20
4254,20.12
4255,22.07
4256,24.54
4257,26.78
4258,28.90
4259,29.69
4260,29.88
4261,29.17
4262,30.62
4263,28.79
4264,27.75
4265,24.35
4266,21.58
4267,19.41
4268,17.10
4269,16.60
4270,16.10
4271,14.90
4272,13.80
4273,12.60
4274,11.90
4275,11.20
4276,11.62
4277,16.44
4278,19.10
4279,23.21
4280,27.14
4281,30.97
4282,34.42
4283,38.70
4284,39.06
4285,39.30
4286,37.31
4287,35.66
4288,32.61
4289,29.45
4290,26.08
4291,23.87
4292,21.70
4293,21.20
4294,20.60
4295,19.50
4296,18.40
4297,17.30
4298,17.40
4299,17.40
4300,17.84
4301,21.54
4302,23.74
4303,28.39
4304,32.32
4305,33.36
4306,32.60
4307,34.27
4308,38.40
4309,38.25
4310,39.01
4311,38.86
4312,35.65
4313,31.88
4314,26.75
4315,28.99
4316,22.50
4317,20.30
4318,18.10
4319,17.80
4320,17.40
4321,17.10
4322,16.40
4323,15.80
4324,17.05
4325,23.86
4326,23.68
4327,32.77
4328,41.42
4329,48.05
4330,53.03
4331,52.15
4332,52.70
4333,50.70
4334,48.93
4335,43.30
4336,39.58
4337,34.49
4338,28.48
4339,29.58
4340,24.00
4341,22.20
4342,20.40
4343,19.20
4344,17.90
4345,17.60
4346,16.90
4347,16.30
4348,16.41
4349,18.49
4350,20.74
4351,23.53
4352,27.44
4353,32.71
4354,35.91
4355,39.52
4356,40.65
4357,39.54
4358,38.79
4359,36.07
4360,32.93
4361,28.47
4362,23.84
4363,23.92
4364,19.00
4365,16.80
4366,14.60
4367,14.10
4368,13.70
4369,13.20
4370,13.20
4371,13.10
4372,14.25
4373,18.31
4374,20.58
4375,23.85
4376,27.99
4377,32.01
4378,34.93
4379,36.44
4380,37.19
4381,36.83
4382,33.59
4383,28.14
4384,24.48
4385,22.99
4386,21.37
4387,19.84
4388,17.60
4389,17.00
4390,16.30
4391,16.10
4392,15.80
4393,15.60
4394,15.50
4395,15.50
4396,16.16
4397,19.94
4398,22.72
4399,28.06
4400,32.58
4401,36.25
4402,37.91
4403,37.70
4404,37.58
4405,34.01
4406,37.64
4407,37.62
4408,35.42
4409,29.83
4410,25.94
4411,23.71
4412,21.10
4413,20.10
4414,19.00
4415,18.20
4416,17.50
4417,16.70
4418,15.80
4419,15.00
4420,15.49
4421,21.37
4422,22.55
4423,29.47
4424,34.75
4425,37.39
4426,39.55
4427,40.32
4428,39.59
4429,37.00
4430,36.49
4431,35.50
4432,33.40
4433,30.57
4434,26.13
4435,27.21
4436,22.20
4437,20.40
4438,18.60
4439,17.30
4440,16.10
4441,14.80
4442,14.70
4443,14.60
4444,15.94
4445,20.71
4446,21.97
4447,26.15
4448,31.31
4449,36.79
4450,41.08
4451,43.57
4452,43.36
4453,42.80
4454,41.66
4455,38.92
4456,35.69
4457,31.39
4458,26.73
4459,26.65
4460,21.80
4461,19.90
4462,18.00
4463,16.70
4464,15.50
4465,14.20
4466,13.90
4467,13.60
4468,14.42
4469,19.69
4470,22.22
4471,28.45
4472,34.06
4473,38.17
4474,42.61
4475,44.82
4476,44.08
4477,43.36
4478,42.89
4479,41.34
4480,37.83
4481,33.20
4482,27.75
4483,28.15
4484,22.90
4485,20.50
4486,18.00
4487,17.20
4488,16.40
4489,15.60
4490,15.10
4491,14.70
4492,15.86
4493,23.08
4494,23.43
4495,32.20
4496,40.38
4497,42.60
4498,46.70
4499,49.65
4500,48.16
4501,47.56
4502,46.33
4503,44.94
4504,40.72
4505,34.87
4506,28.77
4507,29.20
4508,24.60
4509,23.00
4510,21.50
4511,20.70
4512,19.80
4513,19.00
4514,18.40
4515,17.90
4516,18.89
4517,25.60
4518,25.39
4519,33.66
4520,42.14
4521,45.70
4522,50.25
4523,53.23
4524,51.30
4525,49.35
4526,48.02
4527,44.17
4528,40.86
4529,36.23
4530,31.25
4531,30.43
4532,25.90
4533,24.00
4534,22.00
4535,21.10
4536,20.30
4537,19.40
4538,19.10
4539,18.90
4540,20.06
4541,26.69
4542,26.26
4543,32.83
4544,38.75
4545,42.48
4546,45.78
4547,47.26
4548,46.01
4549,43.87
4550,42.71
4551,41.16
4552,38.31
4553,35.10
4554,32.05
4555,30.26
4556,24.80
4557,21.10
4558,17.40
4559,17.10
4560,16.90
4561,16.60
4562,16.30
4563,15.90
4564,16.61
4565,21.61
4566,23.49
4567,28.95
4568,34.27
4569,39.33
4570,42.67
4571,43.40
4572,40.22
4573,36.85
4574,38.81
4575,38.10
4576,35.67
4577,31.36
4578,27.41
4579,25.23
4580,22.00
4581,20.50
4582,19.00
4583,18.30
4584,17.70
4585,17.00
4586,16.50
4587,15.90
4588,16.37
4589,21.14
4590,22.96
4591,28.21
4592,34.05
4593,38.26
4594,42.90
4595,41.73
4596,38.01
4597,32.50
4598,31.39
4599,25.11
4600,24.52
4601,23.77
4602,24.39
4603,22.55
4604,20.60
4605,20.10
4606,19.70
4607,19.30
4608,18.80
4609,18.40
4610,18.20
4611,18.00
4612,18.34
4613,20.68
4614,20.52
4615,21.58
4616,22.66
4617,23.30
4618,23.93
4619,24.25
4620,30.36
4621,29.45
4622,29.79
4623,29.12
4624,28.32
4625,26.68
4626,23.17
4627,22.15
4628,21.00
4629,20.40
4630,19.90
4631,18.90
4632,18.00
4633,17.00
4634,16.30
4635,15.70
4636,15.22
4637,16.12
4638,19.16
4639,21.14
4640,26.19
4641,32.65
4642,36.99
4643,38.49
4644,40.03
4645,38.90
4646,34.85
4647,32.54
4648,28.26
4649,26.18
4650,24.05
4651,21.93
4652,19.20
4653,18.20
4654,17.20
4655,16.50
4656,15.90
4657,15.20
4658,14.70
4659,14.10
4660,14.21
4661,18.16
4662,21.22
4663,25.01
4664,24.48
4665,24.83
4666,19.86
4667,26.31
4668,27.13
4669,29.36
4670,27.93
4671,24.32
4672,22.79
4673,22.72
4674,19.43
4675,18.78
4676,15.30
4677,14.20
4678,13.00
4679,11.70
4680,10.30
4681,9.00
4682,8.90
4683,8.80
4684,9.41
4685,13.88
4686,15.76
4687,21.03
4688,24.92
4689,26.20
4690,26.35
4691,27.50
4692,24.97
4693,24.53
4694,23.80
4695,22.82
4696,21.67
4697,19.80
4698,17.94
4699,15.97
4700,12.90
4701,11.50
4702,10.00
4703,10.80
4704,11.60
4705,12.40
4706,12.80
4707,13.20
4708,13.75
4709,14.14
4710,14.37
4711,14.57
4712,16.33
4713,22.11
4714,23.88
4715,27.94
4716,29.14
4717,31.13
4718,27.59
4719,25.59
4720,21.83
4721,20.11
4722,18.49
4723,16.59
4724,14.50
4725,13.80
4726,13.00
4727,12.90
4728,12.90
4729,12.80
4730,12.40
4731,12.00
4732,11.91
4733,14.05
4734,15.45
4735,18.49
4736,21.69
4737,24.95
4738,26.80
4739,27.27
4740,28.69
4741,25.54
4742,24.87
4743,25.94
4744,23.87
4745,21.80
4746,18.13
4747,16.60
4748,13.00
4749,11.30
4750,9.60
4751,8.60
4752,7.70
4753,6.70
4754,7.60
4755,8.60
4756,9.63
4757,10.80
4758,11.96
4759,13.11
4760,14.53
4761,16.02
4762,17.09
4763,23.66
4764,28.10
4765,28.70
4766,24.81
4767,18.48
4768,11.81
4769,11.77
4770,11.74
4771,11.48
4772,10.70
4773,10.30
4774,10.00
4775,9.70
4776,9.50
4777,9.20
4778,8.90
4779,8.60
4780,8.41
4781,9.42
4782,10.41
4783,11.48
4784,17.14
4785,19.40
4786,23.51
4787,24.89
4788,21.86
4789,20.89
4790,20.72
4791,15.28
4792,14.98
4793,16.85
4794,16.20
4795,14.44
4796,12.50
4797,12.00
4798,11.60
4799,11.70
4800,11.70
4801,11.80
4802,11.10
4803,10.30
4804,10.02
4805,13.28
4806,14.73
4807,16.64
4808,19.52
4809,24.41
4810,27.34
4811,29.15
4812,27.06
4813,26.47
4814,25.79
4815,24.15
4816,22.42
4817,21.26
4818,20.19
4819,17.35
4820,14.90
4821,14.10
4822,13.40
4823,12.90
4824,12.50
4825,12.00
4826,11.90
4827,11.80
4828,11.80
4829,12.73
4830,13.68
4831,14.59
4832,16.13
4833,22.75
4834,24.95
4835,29.86
4836,31.11
4837,32.46
4838,31.52
4839,27.80
4840,25.64
4841,23.75
4842,22.22
4843,19.49
4844,15.00
4845,12.30
4846,9.60
4847,9.10
4848,8.50
4849,8.00
4850,7.70
4851,7.50
4852,7.74
4853,14.86
4854,15.85
4855,25.14
4856,28.96
4857,32.76
4858,33.63
4859,36.86
4860,37.93
4861,37.51
4862,35.62
4863,34.23
4864,30.66
4865,27.21
4866,24.83
4867,21.23
4868,17.40
4869,15.30
4870,13.20
4871,12.10
4872,11.10
4873,10.00
4874,9.10
4875,8.30
4876,7.71
4877,13.07
4878,15.99
4879,21.86
4880,28.08
4881,33.63
4882,41.33
4883,44.65
4884,46.05
4885,44.06
4886,42.56
4887,38.85
4888,34.80
4889,30.00
4890,28.13
4891,23.99
4892,19.90
4893,17.70
4894,15.60
4895,14.90
4896,14.30
4897,13.60
4898,13.70
4899,13.70
4900,13.97
4901,17.02
4902,18.65
4903,20.94
4904,23.72
4905,21.48
4906,22.83
4907,24.38
4908,31.71
4909,31.97
4910,30.73
4911,29.30
4912,27.57
4913,25.45
4914,21.57
4915,20.07
4916,18.80
4917,18.00
4918,17.20
4919,17.00
4920,16.80
4921,16.60
4922,16.30
4923,15.90
4924,15.70
4925,19.06
4926,20.93
4927,25.33
4928,30.20
4929,32.97
4930,34.83
4931,36.88
4932,37.99
4933,37.74
4934,36.98
4935,34.86
4936,32.52
4937,29.65
4938,27.47
4939,23.98
4940,20.10
4941,18.60
4942,17.00
4943,15.90
4944,14.70
4945,13.60
4946,13.20
4947,12.90
4948,12.64
4949,18.08
4950,19.33
4951,25.39
4952,30.19
4953,33.56
4954,35.90
4955,37.49
4956,38.04
4957,36.39
4958,35.44
4959,31.41
4960,29.61
4961,28.47
4962,26.45
4963,22.99
4964,19.10
4965,16.90
4966,14.80
4967,14.50
4968,14.30
4969,14.00
4970,12.80
4971,11.60
4972,10.43
4973,17.06
4974,18.27
4975,26.93
4976,34.56
4977,37.21
4978,41.61
4979,42.48
4980,43.18
4981,41.04
4982,40.00
4983,37.33
4984,35.26
4985,30.12
4986,27.34
4987,23.01
4988,19.90
4989,18.40
4990,16.80
4991,15.80
4992,14.70
4993,13.70
4994,13.80
4995,13.80
4996,13.90
4997,17.63
4998,20.44
4999,25.35
5000,28.91
5001,32.03
5002,34.44
5003,37.92
5004,36.95
5005,37.19
5006,34.26
5007,28.95
5008,25.93
5009,23.63
5010,19.85
5011,18.53
5012,17.50
5013,16.90
5014,16.20
5015,16.10
5016,16.00
5017,15.90
5018,15.80
5019,15.80
5020,15.70
5021,16.47
5022,17.15
5023,17.96
5024,19.19
5025,20.35
5026,21.26
5027,22.18
5028,22.38
5029,22.35
5030,21.87
5031,21.03
5032,20.09
5033,21.50
5034,20.27
5035,17.92
5036,16.00
5037,15.20
5038,14.40
5039,13.60
5040,12.80
5041,12.00
5042,12.30
5043,12.50
5044,12.80
5045,14.07
5046,15.45
5047,16.57
5048,17.96
5049,19.21
5050,20.16
5051,31.98
5052,36.87
5053,40.91
5054,37.47
5055,34.45
5056,30.96
5057,27.70
5058,24.60
5059,21.33
5060,19.30
5061,18.20
5062,17.10
5063,16.80
5064,16.60
5065,16.30
5066,16.50
5067,16.80
5068,17.00
5069,19.12
5070,21.06
5071,24.28
5072,26.52
5073,28.55
5074,30.07
5075,31.08
5076,28.38
5077,27.40
5078,26.60
5079,21.94
5080,21.02
5081,19.87
5082,18.56
5083,17.32
5084,16.40
5085,15.90
5086,15.30
5087,15.40
5088,15.60
5089,15.70
5090,15.40
5091,15.00
5092,14.70
5093,18.62
5094,20.64
5095,23.78
5096,28.76
5097,32.99
5098,37.90
5099,40.34
5100,40.24
5101,40.22
5102,38.16
5103,36.47
5104,33.04
5105,28.96
5106,26.03
5107,22.48
5108,20.70
5109,19.70
5110,18.60
5111,17.90
5112,17.30
5113,16.60
5114,16.80
5115,17.00
5116,17.20
5117,18.11
5118,19.09
5119,19.97
5120,21.37
5121,22.74
5122,23.75
5123,23.69
5124,23.48
5125,22.85
5126,22.58
5127,21.97
5128,21.27
5129,20.04
5130,18.93
5131,17.67
5132,17.40
5133,17.40
5134,17.40
5135,17.40
5136,17.30
5137,17.30
5138,17.30
5139,17.40
5140,17.40
5141,18.31
5142,19.29
5143,20.27
5144,21.51
5145,22.82
5146,23.90
5147,25.12
5148,31.72
5149,31.34
5150,29.24
5151,22.53
5152,20.48
5153,22.37
5154,21.34
5155,19.42
5156,18.50
5157,18.30
5158,18.20
5159,18.10
5160,18.10
5161,18.00
5162,17.80
5163,17.60
5164,17.40
5165,18.37
5166,19.36
5167,20.44
5168,21.81
5169,22.99
5170,23.95
5171,24.72
5172,25.31
5173,25.43
5174,29.81
5175,28.44
5176,28.16
5177,26.01
5178,23.17
5179,21.15
5180,19.90
5181,19.30
5182,18.60
5183,18.20
5184,17.90
5185,17.50
5186,17.50
5187,17.50
5188,17.50
5189,19.50
5190,21.50
5191,25.08
5192,28.85
5193,33.40
5194,36.10
5195,35.35
5196,35.56
5197,30.85
5198,29.83
5199,24.00
5200,23.55
5201,24.38
5202,21.98
5203,19.41
5204,18.80
5205,18.80
5206,18.80
5207,18.40
5208,17.90
5209,17.50
5210,16.70
5211,15.80
5212,15.00
5213,19.87
5214,20.49
5215,27.21
5216,34.32
5217,37.71
5218,41.73
5219,43.16
5220,42.97
5221,37.62
5222,39.08
5223,37.09
5224,36.00
5225,32.29
5226,29.12
5227,25.12
5228,22.80
5229,21.20
5230,19.60
5231,19.00
5232,18.50
5233,17.90
5234,17.50
5235,17.20
5236,16.80
5237,21.63
5238,22.64
5239,30.77
5240,38.84
5241,45.53
5242,50.88
5243,49.36
5244,47.80
5245,45.32
5246,44.09
5247,42.04
5248,38.81
5249,34.66
5250,31.99
5251,27.22
5252,24.60
5253,23.10
5254,21.50
5255,20.80
5256,20.10
5257,19.40
5258,19.20
5259,19.00
5260,18.80
5261,23.27
5262,24.76
5263,32.29
5264,39.22
5265,45.10
5266,49.61
5267,49.36
5268,50.64
5269,47.28
5270,45.04
5271,43.90
5272,40.16
5273,35.00
5274,33.19
5275,27.42
5276,25.00
5277,23.60
5278,22.10
5279,21.40
5280,20.70
5281,20.00
5282,18.90
5283,17.70
5284,16.60
5285,20.08
5286,22.45
5287,25.64
5288,28.93
5289,33.62
5290,36.81
5291,37.45
5292,39.12
5293,36.04
5294,34.20
5295,32.16
5296,29.52
5297,27.03
5298,25.14
5299,22.16
5300,20.70
5301,19.70
5302,18.60
5303,18.20
5304,17.70
5305,17.30
5306,16.50
5307,15.60
5308,14.80
5309,17.57
5310,19.65
5311,21.86
5312,25.03
5313,29.63
5314,32.11
5315,33.40
5316,31.00
5317,29.95
5318,30.49
5319,28.29
5320,26.67
5321,24.36
5322,22.14
5323,19.02
5324,17.90
5325,17.20
5326,16.50
5327,15.90
5328,15.20
5329,14.60
5330,14.30
5331,14.10
5332,13.80
5333,16.05
5334,19.46
5335,22.46
5336,26.07
5337,27.47
5338,30.19
5339,32.29
5340,33.10
5341,33.21
5342,32.72
5343,33.54
5344,31.52
5345,29.06
5346,26.30
5347,22.25
5348,20.80
5349,19.80
5350,18.70
5351,18.50
5352,18.20
5353,18.00
5354,17.70
5355,17.50
5356,17.20
5357,19.34
5358,22.42
5359,24.81
5360,28.12
5361,29.11
5362,31.54
5363,33.13
5364,34.18
5365,33.60
5366,30.98
5367,23.84
5368,21.78
5369,23.08
5370,20.35
5371,16.84
5372,15.90
5373,15.10
5374,14.40
5375,14.40
5376,14.40
5377,14.40
5378,13.70
5379,13.10
5380,12.40
5381,15.08
5382,19.07
5383,22.00
5384,27.01
5385,31.47
5386,34.31
5387,35.09
5388,34.48
5389,32.10
5390,30.94
5391,30.79
5392,28.72
5393,25.57
5394,22.34
5395,19.14
5396,18.40
5397,17.70
5398,17.10
5399,16.30
5400,15.40
5401,14.60
5402,14.40
5403,14.20
5404,14.00
5405,14.91
5406,18.01
5407,20.07
5408,24.77
5409,28.23
5410,32.65
5411,35.54
5412,33.68
5413,33.15
5414,31.50
5415,31.05
5416,28.31
5417,24.48
5418,21.08
5419,17.87
5420,15.90
5421,13.90
5422,12.00
5423,11.50
5424,11.00
5425,10.50
5426,9.90
5427,9.20
5428,8.60
5429,12.40
5430,17.26
5431,21.65
5432,28.34
5433,33.60
5434,38.16
5435,40.04
5436,39.76
5437,37.35
5438,35.80
5439,33.57
5440,30.33
5441,26.42
5442,23.09
5443,19.40
5444,17.50
5445,15.70
5446,13.80
5447,13.10
5448,12.30
5449,11.60
5450,10.90
5451,10.30
5452,9.60
5453,13.46
5454,19.60
5455,23.50
5456,32.71
5457,41.31
5458,47.38
5459,45.50
5460,43.66
5461,41.86
5462,40.52
5463,37.31
5464,34.44
5465,28.87
5466,24.99
5467,19.90
5468,18.80
5469,17.70
5470,16.60
5471,16.00
5472,15.40
5473,14.80
5474,15.10
5475,15.30
5476,15.60
5477,16.49
5478,19.19
5479,21.19
5480,23.90
5481,26.13
5482,28.24
5483,32.74
5484,35.80
5485,36.62
5486,35.05
5487,32.43
5488,30.01
5489,26.34
5490,22.82
5491,19.20
5492,18.10
5493,17.10
5494,16.00
5495,16.30
5496,16.70
5497,17.00
5498,16.80
5499,16.60
5500,16.40
5501,17.18
5502,18.92
5503,20.38
5504,22.69
5505,26.58
5506,28.52
5507,30.08
5508,33.08
5509,31.88
5510,31.63
5511,29.76
5512,27.68
5513,23.64
5514,20.39
5515,16.40
5516,15.00
5517,13.60
5518,12.20
5519,12.40
5520,12.50
5521,12.70
5522,11.70
5523,10.60
5524,9.60
5525,12.21
5526,16.17
5527,19.91
5528,24.03
5529,26.27
5530,28.77
5531,30.87
5532,28.96
5533,28.17
5534,24.52
5535,22.55
5536,17.64
5537,18.54
5538,16.50
5539,14.50
5540,14.30
5541,14.10
5542,13.90
5543,13.70
5544,13.50
5545,13.30
5546,13.00
5547,12.70
5548,12.40
5549,13.26
5550,15.19
5551,17.02
5552,19.57
5553,21.90
5554,23.64
5555,25.41
5556,29.11
5557,29.23
5558,28.24
5559,24.49
5560,22.80
5561,20.39
5562,17.13
5563,15.80
5564,15.30
5565,14.70
5566,14.20
5567,13.80
5568,13.40
5569,13.00
5570,12.90
5571,12.70
5572,12.60
5573,12.97
5574,13.73
5575,14.45
5576,15.78
5577,17.21
5578,18.32
5579,25.18
5580,26.28
5581,28.41
5582,27.55
5583,24.66
5584,23.74
5585,21.78
5586,18.75
5587,15.40
5588,14.20
5589,13.00
5590,11.80
5591,11.20
5592,10.60
5593,10.00
5594,9.60
5595,9.20
5596,8.80
5597,11.09
5598,16.38
5599,20.88
5600,28.11
5601,31.50
5602,35.90
5603,37.49
5604,38.71
5605,36.50
5606,35.96
5607,34.03
5608,31.38
5609,25.92
5610,22.67
5611,17.50
5612,16.50
5613,15.40
5614,14.40
5615,13.90
5616,13.40
5617,12.90
5618,12.20
5619,11.60
5620,10.90
5621,13.49
5622,19.25
5623,24.24
5624,32.99
5625,41.20
5626,46.92
5627,50.75
5628,52.29
5629,49.51
5630,47.32
5631,42.27
5632,36.78
5633,28.69
5634,24.47
5635,19.80
5636,18.30
5637,16.90
5638,15.40
5639,14.50
5640,13.50
5641,12.60
5642,12.40
5643,12.20
5644,12.00
5645,13.80
5646,18.44
5647,22.59
5648,29.39
5649,34.87
5650,39.68
5651,41.56
5652,40.41
5653,38.22
5654,36.58
5655,32.35
5656,29.77
5657,25.97
5658,23.21
5659,20.80
5660,20.40
5661,20.00
5662,19.60
5663,18.80
5664,17.90
5665,17.10
5666,16.70
5667,16.20
5668,15.80
5669,16.34
5670,16.96
5671,17.87
5672,19.65
5673,25.37
5674,27.27
5675,31.86
5676,33.10
5677,34.54
5678,34.49
5679,32.70
5680,30.00
5681,25.42
5682,21.99
5683,19.30
5684,18.40
5685,17.50
5686,16.60
5687,16.10
5688,15.60
5689,15.10
5690,13.90
5691,12.60
5692,11.40
5693,12.80
5694,15.95
5695,18.93
5696,21.40
5697,23.25
5698,24.71
5699,26.50
5700,26.94
5701,26.62
5702,25.51
5703,24.12
5704,22.62
5705,20.38
5706,17.31
5707,16.00
5708,15.40
5709,14.70
5710,14.10
5711,13.50
5712,12.90
5713,12.30
5714,12.50
5715,12.80
5716,13.00
5717,13.02
5718,14.69
5719,16.24
5720,18.09
5721,15.97
5722,16.74
5723,18.05
5724,24.55
5725,24.60
5726,26.30
5727,26.40
5728,24.56
5729,20.97
5730,17.33
5731,14.80
5732,14.50
5733,14.20
5734,13.90
5735,13.50
5736,13.20
5737,12.80
5738,12.30
5739,11.70
5740,11.20
5741,11.97
5742,14.28
5743,14.30
5744,15.54
5745,16.82
5746,17.93
5747,19.12
5748,20.01
5749,20.33
5750,20.11
5751,19.90
5752,19.39
5753,18.17
5754,17.36
5755,15.70
5756,15.10
5757,14.40
5758,13.80
5759,13.60
5760,13.50
5761,13.30
5762,13.20
5763,13.10
5764,13.00
5765,13.09
5766,14.89
5767,17.50
5768,20.71
5769,21.65
5770,23.96
5771,25.22
5772,25.72
5773,25.37
5774,27.76
5775,28.72
5776,27.01
5777,22.52
5778,18.47
5779,15.60
5780,14.50
5781,13.30
5782,12.20
5783,11.10
5784,9.90
5785,8.80
5786,8.60
5787,8.40
5788,8.20
5789,9.04
5790,11.54
5791,13.92
5792,17.87
5793,23.57
5794,26.99
5795,28.94
5796,29.88
5797,29.11
5798,27.58
5799,23.47
5800,21.25
5801,19.35
5802,17.22
5803,15.80
5804,15.10
5805,14.40
5806,13.70
5807,12.50
5808,11.20
5809,10.00
5810,9.90
5811,9.70
5812,9.60
5813,10.30
5814,13.56
5815,15.18
5816,19.88
5817,26.20
5818,31.73
5819,33.26
5820,34.76
5821,33.25
5822,31.69
5823,30.46
5824,27.90
5825,23.72
5826,19.66
5827,17.00
5828,15.60
5829,14.30
5830,12.90
5831,12.90
5832,12.80
5833,13.20
5834,12.40
5835,11.70
5836,10.90
5837,11.64
5838,14.75
5839,17.82
5840,22.36
5841,24.73
5842,27.82
5843,33.30
5844,34.62
5845,36.99
5846,36.23
5847,33.39
5848,30.59
5849,26.06
5850,21.00
5851,17.50
5852,16.70
5853,16.00
5854,15.20
5855,15.00
5856,14.70
5857,14.50
5858,14.10
5859,13.60
5860,13.20
5861,13.20
5862,16.09
5863,14.97
5864,23.20
5865,32.26
5866,41.15
5867,41.39
5868,41.61
5869,38.56
5870,37.57
5871,34.35
5872,31.49
5873,26.73
5874,21.81
5875,18.80
5876,17.80
5877,16.90
5878,15.90
5879,15.30
5880,14.60
5881,14.00
5882,13.40
5883,12.80
5884,12.20
5885,13.00
5886,16.32
5887,16.04
5888,21.65
5889,27.06
5890,32.07
5891,36.19
5892,39.32
5893,39.39
5894,35.83
5895,32.96
5896,29.25
5897,24.84
5898,20.73
5899,18.10
5900,17.30
5901,16.60
5902,15.80
5903,15.50
5904,15.10
5905,14.80
5906,14.40
5907,14.00
5908,13.60
5909,14.10
5910,17.62
5911,21.81
5912,29.04
5913,35.12
5914,45.16
5915,51.47
5916,47.06
5917,46.71
5918,40.89
5919,37.75
5920,33.94
5921,28.19
5922,22.86
5923,19.40
5924,18.50
5925,17.50
5926,16.60
5927,16.20
5928,15.70
5929,15.30
5930,15.50
5931,15.60
5932,15.80
5933,16.00
5934,16.95
5935,17.97
5936,19.05
5937,20.00
5938,20.74
5939,22.13
5940,28.54
5941,28.88
5942,30.31
5943,30.02
5944,28.38
5945,24.75
5946,20.69
5947,18.40
5948,17.60
5949,16.80
5950,16.00
5951,15.50
5952,15.00
5953,14.50
5954,14.50
5955,14.50
5956,14.50
5957,14.90
5958,17.87
5959,20.05
5960,24.94
5961,29.11
5962,32.91
5963,34.73
5964,35.69
5965,35.44
5966,29.24
5967,25.10
5968,18.70
5969,17.92
5970,17.38
5971,16.70
5972,16.90
5973,17.20
5974,17.40
5975,17.20
5976,17.00
5977,16.80
5978,16.60
5979,16.50
5980,16.30
5981,16.10
5982,16.48
5983,17.10
5984,18.16
5985,19.12
5986,19.92
5987,20.45
5988,26.68
5989,26.04
5990,27.76
5991,28.68
5992,26.29
5993,21.45
5994,17.08
5995,15.00
5996,15.00
5997,15.00
5998,15.00
5999,14.90
6000,14.70
6001,14.60
6002,14.00
6003,13.40
6004,12.80
6005,12.80
6006,14.92
6007,15.91
6008,18.55
6009,20.83
6010,22.68
6011,24.64
6012,25.53
6013,25.65
6014,24.53
6015,23.07
6016,21.54
6017,19.56
6018,17.67
6019,16.90
6020,16.60
6021,16.40
6022,16.10
6023,16.00
6024,15.90
6025,15.80
6026,15.60
6027,15.30
6028,15.10
6029,15.10
6030,16.37
6031,17.88
6032,19.83
6033,22.80
6034,24.30
6035,26.19
6036,26.85
6037,26.40
6038,25.38
6039,23.96
6040,21.74
6041,19.04
6042,16.23
6043,15.40
6044,13.80
6045,12.20
6046,10.60
6047,10.10
6048,9.70
6049,9.20
6050,9.20
6051,9.10
6052,9.10
6053,9.10
6054,10.14
6055,11.73
6056,13.54
6057,15.17
6058,16.50
6059,18.11
6060,18.91
6061,18.54
6062,18.31
6063,17.36
6064,16.24
6065,14.16
6066,12.17
6067,11.50
6068,11.00
6069,10.50
6070,10.00
6071,9.80
6072,9.50
6073,9.30
6074,8.60
6075,8.00
6076,7.30
6077,7.80
6078,10.13
6079,12.48
6080,15.83
6081,17.41
6082,19.52
6083,21.08
6084,24.44
6085,24.34
6086,26.46
6087,25.62
6088,24.38
6089,17.67
6090,12.41
6091,10.10
6092,9.50
6093,8.90
6094,8.30
6095,8.40
6096,8.40
6097,8.50
6098,8.30
6099,8.10
6100,7.90
6101,8.70
6102,11.49
6103,16.70
6104,23.59
6105,30.35
6106,35.68
6107,35.58
6108,36.67
6109,35.14
6110,33.59
6111,30.00
6112,27.39
6113,23.27
6114,19.11
6115,17.30
6116,16.20
6117,15.20
6118,14.10
6119,13.80
6120,13.60
6121,13.30
6122,12.60
6123,12.00
6124,11.30
6125,12.90
6126,16.39
6127,20.88
6128,24.41
6129,25.74
6130,26.55
6131,27.82
6132,28.20
6133,27.76
6134,26.66
6135,25.09
6136,23.28
6137,20.09
6138,16.93
6139,15.50
6140,14.30
6141,13.20
6142,12.00
6143,11.70
6144,11.50
6145,11.20
6146,10.80
6147,10.40
6148,10.00
6149,9.80
6150,10.83
6151,13.10
6152,16.49
6153,21.27
6154,24.01
6155,27.01
6156,25.53
6157,25.08
6158,25.73
6159,24.00
6160,21.87
6161,15.94
6162,10.34
6163,7.60
6164,7.30
6165,6.90
6166,6.60
6167,6.40
6168,6.30
6169,6.10
6170,5.50
6171,4.80
6172,4.20
6173,5.10
6174,7.87
6175,13.22
6176,20.22
6177,31.06
6178,36.93
6179,35.83
6180,32.24
6181,29.85
6182,28.54
6183,25.87
6184,23.00
6185,17.58
6186,11.80
6187,9.40
6188,8.30
6189,7.10
6190,6.00
6191,5.70
6192,5.40
6193,5.10
6194,4.70
6195,4.40
6196,4.00
6197,4.90
6198,7.43
6199,12.34
6200,18.93
6201,24.95
6202,29.55
6203,32.58
6204,34.09
6205,33.71
6206,31.41
6207,28.47
6208,25.45
6209,19.78
6210,14.20
6211,11.70
6212,10.90
6213,10.00
6214,9.20
6215,8.50
6216,7.90
6217,7.20
6218,7.10
6219,6.90
6220,6.80
6221,7.20
6222,9.80
6223,16.21
6224,24.71
6225,31.32
6226,36.38
6227,39.95
6228,40.11
6229,38.42
6230,36.21
6231,32.88
6232,28.14
6233,20.78
6234,16.50
6235,14.90
6236,13.90
6237,12.90
6238,11.90
6239,11.90
6240,11.80
6241,11.80
6242,11.70
6243,11.50
6244,11.40
6245,11.60
6246,12.44
6247,14.28
6248,18.03
6249,21.37
6250,24.36
6251,26.60
6252,23.44
6253,24.18
6254,26.69
6255,24.89
6256,23.87
6257,20.24
6258,16.90
6259,15.30
6260,14.90
6261,14.40
6262,14.00
6263,13.50
6264,13.10
6265,12.60
6266,12.40
6267,12.10
6268,11.90
6269,11.40
6270,11.94
6271,13.87
6272,19.16
6273,23.80
6274,28.04
6275,24.79
6276,22.90
6277,15.96
6278,14.64
6279,16.01
6280,13.62
6281,11.97
6282,10.60
6283,10.60
6284,10.10
6285,9.70
6286,9.20
6287,9.10
6288,8.90
6289,8.80
6290,7.70
6291,6.70
6292,5.60
6293,6.00
6294,7.69
6295,11.80
6296,17.00
6297,20.06
6298,22.29
6299,24.10
6300,22.37
6301,21.61
6302,19.92
6303,19.18
6304,16.50
6305,12.64
6306,9.00
6307,7.80
6308,6.20
6309,4.60
6310,3.00
6311,2.60
6312,2.10
6313,1.70
6314,2.10
6315,2.40
6316,2.80
6317,2.60
6318,3.49
6319,7.26
6320,16.26
6321,24.28
6322,30.77
6323,31.04
6324,31.00
6325,28.73
6326,27.50
6327,23.98
6328,20.82
6329,14.16
6330,8.80
6331,6.20
6332,5.40
6333,4.50
6334,3.70
6335,3.50
6336,3.40
6337,3.20
6338,2.80
6339,2.40
6340,2.00
6341,2.80
6342,4.69
6343,8.95
6344,16.92
6345,29.02
6346,36.86
6347,34.57
6348,35.92
6349,30.69
6350,29.09
6351,27.83
6352,23.79
6353,16.62
6354,11.60
6355,9.40
6356,8.40
6357,7.40
6358,6.40
6359,5.70
6360,4.90
6361,4.20
6362,4.10
6363,4.10
6364,4.00
6365,4.20
6366,5.25
6367,9.19
6368,17.98
6369,25.01
6370,31.27
6371,30.52
6372,29.03
6373,24.72
6374,23.86
6375,22.68
6376,21.22
6377,18.05
6378,15.30
6379,13.70
6380,13.40
6381,13.10
6382,12.80
6383,12.30
6384,11.80
6385,11.30
6386,11.00
6387,10.70
6388,10.40
6389,10.40
6390,10.67
6391,12.42
6392,14.99
6393,19.19
6394,21.89
6395,23.19
6396,23.50
6397,22.49
6398,22.77
6399,21.37
6400,19.30
6401,13.24
6402,8.90
6403,6.60
6404,7.50
6405,8.50
6406,9.40
6407,8.20
6408,7.10
6409,5.90
6410,6.50
6411,7.00
6412,7.60
6413,7.80
6414,8.13
6415,9.10
6416,10.64
6417,15.25
6418,17.48
6419,22.10
6420,23.40
6421,25.01
6422,22.45
6423,21.31
6424,18.48
6425,15.93
6426,14.10
6427,13.40
6428,13.50
6429,13.60
6430,13.70
6431,12.90
6432,12.00
6433,11.20
6434,10.70
6435,10.30
6436,9.80
6437,9.40
6438,9.43
6439,13.67
6440,18.57
6441,22.36
6442,23.89
6443,26.14
6444,26.56
6445,25.89
6446,24.29
6447,21.10
6448,19.40
6449,16.97
6450,14.30
6451,13.00
6452,12.90
6453,12.70
6454,12.60
6455,12.30
6456,11.90
6457,11.60
6458,11.30
6459,11.00
6460,10.70
6461,10.50
6462,10.46
6463,11.03
6464,14.40
6465,19.59
6466,23.02
6467,26.30
6468,25.89
6469,25.34
6470,22.84
6471,19.85
6472,16.18
6473,11.76
6474,8.40
6475,6.40
6476,7.30
6477,8.10
6478,9.00
6479,8.60
6480,8.20
6481,7.80
6482,8.00
6483,8.10
6484,8.30
6485,7.80
6486,7.44
6487,10.06
6488,14.84
6489,19.47
6490,21.94
6491,21.67
6492,19.71
6493,15.07
6494,18.05
6495,19.00
6496,15.52
6497,11.46
6498,8.80
6499,7.60
6500,6.50
6501,5.50
6502,4.40
6503,4.10
6504,3.70
6505,3.40
6506,3.50
6507,3.60
6508,3.70
6509,3.80
6510,3.84
6511,7.06
6512,14.05
6513,20.69
6514,26.17
6515,29.54
6516,32.48
6517,31.15
6518,27.65
6519,23.92
6520,20.27
6521,15.87
6522,13.10
6523,11.20
6524,10.80
6525,10.40
6526,10.00
6527,9.90
6528,9.70
6529,9.60
6530,9.80
6531,10.10
6532,10.30
6533,10.20
6534,10.20
6535,10.82
6536,11.93
6537,13.10
6538,13.90
6539,14.34
6540,14.63
6541,14.50
6542,14.24
6543,15.97
6544,14.22
6545,12.58
6546,11.80
6547,11.70
6548,11.10
6549,10.40
6550,9.80
6551,9.30
6552,8.70
6553,8.60
6554,8.50
6555,8.30
6556,8.20
6557,8.10
6558,7.90
6559,8.46
6560,9.30
6561,9.82
6562,10.19
6563,10.70
6564,10.97
6565,10.81
6566,10.44
6567,9.81
6568,9.09
6569,8.34
6570,7.90
6571,7.80
6572,7.60
6573,7.40
6574,7.20
6575,7.30
6576,7.30
6577,7.40
6578,7.50
6579,7.70
6580,7.80
6581,7.90
6582,7.90
6583,8.67
6584,9.85
6585,10.93
6586,11.95
6587,13.44
6588,19.13
6589,19.58
6590,18.41
6591,14.68
6592,13.97
6593,12.54
6594,11.70
6595,11.00
6596,10.70
6597,10.50
6598,10.20
6599,9.90
6600,9.60
6601,9.30
6602,9.50
6603,9.80
6604,10.00
6605,10.30
6606,10.50
6607,11.43
6608,12.92
6609,17.01
6610,19.15
6611,21.44
6612,25.52
6613,25.92
6614,26.67
6615,25.68
6616,22.91
6617,18.95
6618,16.80
6619,15.70
6620,15.30
6621,15.00
6622,14.60
6623,14.80
6624,15.10
6625,15.30
6626,15.20
6627,15.10
6628,15.00
6629,14.90
6630,14.90
6631,16.16
6632,18.41
6633,17.83
6634,18.84
6635,19.36
6636,19.56
6637,19.21
6638,18.59
6639,17.71
6640,16.86
6641,15.80
6642,15.40
6643,15.10
6644,15.10
6645,15.00
6646,15.00
6647,14.60
6648,14.10
6649,13.70
6650,13.10
6651,12.60
6652,12.00
6653,11.60
6654,11.30
6655,13.76
6656,18.56
6657,22.20
6658,23.29
6659,25.23
6660,26.17
6661,26.07
6662,24.44
6663,20.85
6664,18.62
6665,16.27
6666,15.10
6667,14.40
6668,14.10
6669,13.70
6670,13.40
6671,12.70
6672,12.10
6673,11.40
6674,11.30
6675,11.10
6676,11.00
6677,11.00
6678,11.00
6679,11.58
6680,12.71
6681,13.76
6682,14.68
6683,20.49
6684,21.64
6685,24.34
6686,25.34
6687,23.11
6688,18.79
6689,14.01
6690,12.30
6691,11.30
6692,11.10
6693,10.90
6694,10.70
6695,10.70
6696,10.80
6697,10.80
6698,11.10
6699,11.50
6700,11.80
6701,12.10
6702,12.30
6703,13.78
6704,17.15
6705,19.90
6706,23.62
6707,26.24
6708,27.12
6709,26.80
6710,26.75
6711,25.89
6712,21.95
6713,17.85
6714,16.30
6715,15.10
6716,14.90
6717,14.60
6718,14.40
6719,14.50
6720,14.70
6721,14.80
6722,14.50
6723,14.20
6724,13.90
6725,14.00
6726,14.20
6727,15.94
6728,19.53
6729,21.96
6730,22.06
6731,23.15
6732,25.77
6733,25.16
6734,23.92
6735,21.76
6736,19.23
6737,16.19
6738,15.00
6739,14.00
6740,13.00
6741,11.90
6742,10.90
6743,10.50
6744,10.10
6745,9.70
6746,8.90
6747,8.00
6748,7.20
6749,7.40
6750,7.50
6751,9.54
6752,16.45
6753,22.92
6754,29.61
6755,32.24
6756,30.81
6757,28.92
6758,29.09
6759,26.53
6760,23.62
6761,19.80
6762,18.10
6763,16.70
6764,15.90
6765,15.20
6766,14.40
6767,13.90
6768,13.30
6769,12.80
6770,12.30
6771,11.90
6772,11.40
6773,11.70
6774,12.10
6775,13.40
6776,16.62
6777,19.66
6778,22.51
6779,26.98
6780,32.34
6781,33.84
6782,30.37
6783,27.86
6784,23.06
6785,18.55
6786,16.80
6787,15.10
6788,14.50
6789,13.80
6790,13.20
6791,12.60
6792,12.00
6793,11.40
6794,11.30
6795,11.10
6796,11.00
6797,9.90
6798,8.80
6799,10.41
6800,22.20
6801,32.83
6802,41.06
6803,46.93
6804,49.53
6805,48.98
6806,43.90
6807,37.59
6808,25.69
6809,19.37
6810,17.30
6811,15.20
6812,14.50
6813,13.80
6814,13.10
6815,12.30
6816,11.60
6817,10.80
6818,10.50
6819,10.10
6820,9.80
6821,9.70
6822,9.60
6823,11.88
6824,22.73
6825,31.84
6826,38.36
6827,41.18
6828,40.12
6829,37.43
6830,31.99
6831,29.42
6832,23.37
6833,19.80
6834,19.00
6835,18.10
6836,17.90
6837,17.70
6838,17.50
6839,16.70
6840,15.90
6841,15.10
6842,15.40
6843,15.70
6844,16.00
6845,15.10
6846,14.20
6847,14.66
6848,20.76
6849,25.73
6850,32.18
6851,35.30
6852,36.69
6853,36.16
6854,34.65
6855,31.46
6856,25.30
6857,20.10
6858,17.80
6859,15.50
6860,15.20
6861,14.90
6862,14.60
6863,14.00
6864,13.40
6865,12.80
6866,12.00
6867,11.20
6868,10.40
6869,10.40
6870,10.40
6871,11.46
6872,16.62
6873,21.31
6874,25.61
6875,28.20
6876,27.34
6877,27.34
6878,28.12
6879,25.66
6880,22.76
6881,18.30
6882,16.30
6883,14.40
6884,13.70
6885,13.00
6886,12.30
6887,12.60
6888,12.90
6889,13.20
6890,13.20
6891,13.30
6892,13.30
6893,12.30
6894,11.20
6895,10.47
6896,11.02
6897,11.49
6898,11.91
6899,12.27
6900,12.32
6901,11.94
6902,11.25
6903,10.55
6904,9.60
6905,8.70
6906,8.50
6907,8.20
6908,7.90
6909,7.70
6910,7.40
6911,7.30
6912,7.10
6913,7.00
6914,6.90
6915,6.90
6916,6.80
6917,6.60
6918,6.40
6919,6.47
6920,6.91
6921,7.15
6922,7.28
6923,7.51
6924,7.49
6925,7.14
6926,6.21
6927,5.20
6928,4.08
6929,3.20
6930,2.70
6931,2.30
6932,2.00
6933,1.70
6934,1.40
6935,1.20
6936,1.10
6937,0.90
6938,0.70
6939,0.60
6940,0.40
6941,0.40
6942,0.40
6943,0.63
6944,1.37
6945,2.22
6946,2.87
6947,3.12
6948,3.20
6949,2.74
6950,2.38
6951,1.84
6952,1.28
6953,0.80
6954,0.90
6955,0.90
6956,0.70
6957,0.60
6958,0.40
6959,0.40
6960,0.40
6961,0.40
6962,0.50
6963,0.50
6964,0.60
6965,0.90
6966,1.30
6967,1.84
6968,2.85
6969,3.72
6970,4.57
6971,5.76
6972,6.48
6973,6.92
6974,5.99
6975,4.86
6976,3.57
6977,2.90
6978,2.90
6979,2.80
6980,2.80
6981,2.80
6982,2.80
6983,2.90
6984,2.90
6985,3.00
6986,2.90
6987,2.80
6988,2.70
6989,2.50
6990,2.40
6991,2.71
6992,4.97
6993,7.02
6994,8.98
6995,13.73
6996,15.52
6997,17.50
6998,15.98
6999,13.70
7000,9.97
7001,7.00
7002,5.90
7003,4.90
7004,4.30
7005,3.80
7006,3.20
7007,2.50
7008,1.70
7009,1.00
7010,0.50
7011,0.10
7012,-0.40
7013,-0.40
7014,-0.40
7015,0.21
7016,4.56
7017,10.08
7018,14.32
7019,19.36
7020,21.24
7021,22.72
7022,18.11
7023,14.67
7024,9.76
7025,6.60
7026,5.20
7027,3.70
7028,2.80
7029,2.00
7030,1.10
7031,0.20
7032,-0.60
7033,-1.50
7034,-1.90
7035,-2.20
7036,-2.60
7037,-2.40
7038,-2.20
7039,-1.61
7040,0.58
7041,2.79
7042,4.75
7043,6.43
7044,7.35
7045,7.28
7046,5.74
7047,2.15
7048,1.11
7049,0.60
7050,0.60
7051,0.60
7052,0.50
7053,0.50
7054,0.40
7055,0.60
7056,0.70
7057,0.90
7058,1.20
7059,1.40
7060,1.70
7061,1.90
7062,2.00
7063,2.36
7064,3.55
7065,4.69
7066,5.74
7067,13.45
7068,18.38
7069,20.76
7070,17.72
7071,12.19
7072,9.60
7073,7.10
7074,6.30
7075,5.40
7076,5.70
7077,6.00
7078,6.30
7079,6.30
7080,6.40
7081,6.40
7082,5.90
7083,5.30
7084,4.80
7085,4.10
7086,3.30
7087,2.95
7088,7.53
7089,13.52
7090,20.08
7091,24.51
7092,29.23
7093,33.08
7094,29.82
7095,15.47
7096,11.99
7097,8.70
7098,7.50
7099,6.20
7100,5.50
7101,4.70
7102,4.00
7103,3.30
7104,2.70
7105,2.00
7106,1.30
7107,0.50
7108,-0.20
7109,-0.40
7110,-0.60
7111,-0.19
7112,6.33
7113,13.82
7114,20.00
7115,25.56
7116,28.53
7117,28.49
7118,24.78
7119,16.94
7120,13.04
7121,9.00
7122,7.40
7123,5.80
7124,4.90
7125,4.00
7126,3.10
7127,2.00
7128,0.80
7129,-0.30
7130,-0.20
7131,-0.10
7132,0.00
7133,-0.10
7134,-0.20
7135,-0.05
7136,5.63
7137,12.06
7138,17.95
7139,21.81
7140,25.42
7141,25.71
7142,24.07
7143,17.06
7144,13.27
7145,10.20
7146,8.70
7147,7.30
7148,6.20
7149,5.20
7150,4.10
7151,3.00
7152,1.80
7153,0.70
7154,0.50
7155,0.30
7156,0.10
7157,0.10
7158,0.20
7159,0.40
7160,7.46
7161,15.92
7162,23.64
7163,27.77
7164,29.93
7165,29.13
7166,24.44
7167,17.85
7168,13.39
7169,10.70
7170,9.30
7171,7.80
7172,7.30
7173,6.90
7174,6.40
7175,5.70
7176,5.10
7177,4.40
7178,3.70
7179,2.90
7180,2.20
7181,1.30
7182,0.50
7183,-0.29
7184,6.26
7185,14.98
7186,21.95
7187,26.41
7188,32.77
7189,30.79
7190,27.72
7191,18.79
7192,14.38
7193,10.00
7194,7.90
7195,5.70
7196,5.00
7197,4.30
7198,3.60
7199,2.30
7200,0.90
7201,-0.40
7202,-0.50
7203,-0.70
7204,-0.80
7205,-0.70
7206,-0.70
7207,-0.60
7208,2.43
7209,4.37
7210,2.32
7211,3.59
7212,4.55
7213,5.22
7214,5.16
7215,4.79
7216,4.58
7217,4.40
7218,4.60
7219,4.70
7220,4.90
7221,5.00
7222,5.20
7223,5.00
7224,4.90
7225,4.70
7226,4.50
7227,4.30
7228,4.10
7229,3.80
7230,3.40
7231,3.10
7232,7.01
7233,13.57
7234,22.27
7235,29.76
7236,40.15
7237,40.61
7238,27.01
7239,19.11
7240,15.60
7241,13.00
7242,11.30
7243,9.70
7244,9.50
7245,9.30
7246,9.10
7247,8.70
7248,8.20
7249,7.80
7250,7.90
7251,8.10
7252,8.20
7253,7.90
7254,7.50
7255,7.20
7256,12.27
7257,18.57
7258,25.13
7259,27.11
7260,27.35
7261,25.28
7262,21.43
7263,19.08
7264,16.74
7265,15.10
7266,13.80
7267,12.40
7268,12.00
7269,11.60
7270,11.20
7271,11.20
7272,11.30
7273,11.30
7274,12.00
7275,12.60
7276,13.30
7277,12.40
7278,11.60
7279,10.70
7280,10.96
7281,11.20
7282,11.27
7283,10.49
7284,9.44
7285,8.15
7286,8.34
7287,8.13
7288,8.04
7289,7.80
7290,7.90
7291,7.90
7292,7.60
7293,7.20
7294,6.90
7295,7.00
7296,7.10
7297,7.30
7298,7.90
7299,8.70
7300,9.40
7301,9.90
7302,10.40
7303,10.90
7304,13.72
7305,16.70
7306,19.42
7307,20.91
7308,19.83
7309,19.64
7310,18.25
7311,16.53
7312,13.92
7313,11.90
7314,10.70
7315,9.40
7316,8.80
7317,8.30
7318,7.70
7319,7.00
7320,6.30
7321,5.60
7322,5.30
7323,5.10
7324,4.80
7325,4.20
7326,3.60
7327,3.00
7328,7.85
7329,16.18
7330,23.28
7331,24.12
7332,25.60
7333,23.32
7334,18.97
7335,13.10
7336,9.75
7337,7.00
7338,5.00
7339,3.00
7340,2.30
7341,1.50
7342,0.80
7343,0.30
7344,-0.10
7345,-0.60
7346,-1.00
7347,-1.40
7348,-1.80
7349,-2.20
7350,-2.60
7351,-3.00
7352,3.27
7353,11.75
7354,18.38
7355,20.85
7356,17.86
7357,15.36
7358,16.55
7359,11.92
7360,8.37
7361,6.30
7362,5.30
7363,4.20
7364,3.30
7365,2.50
7366,1.60
7367,1.70
7368,1.90
7369,2.00
7370,2.30
7371,2.70
7372,3.00
7373,3.10
7374,3.10
7375,3.20
7376,6.99
7377,13.15
7378,18.68
7379,23.04
7380,30.57
7381,29.58
7382,18.32
7383,10.82
7384,7.33
7385,6.00
7386,5.40
7387,4.70
7388,4.10
7389,3.60
7390,3.00
7391,2.50
7392,1.90
7393,1.40
7394,0.90
7395,0.50
7396,0.00
7397,0.00
7398,0.00
7399,0.00
7400,4.79
7401,13.42
7402,16.97
7403,21.81
7404,23.02
7405,22.46
7406,19.86
7407,12.92
7408,10.00
7409,8.10
7410,6.80
7411,5.50
7412,4.50
7413,3.50
7414,2.50
7415,2.20
7416,1.90
7417,1.60
7418,1.50
7419,1.40
7420,1.30
7421,1.60
7422,1.90
7423,2.20
7424,7.11
7425,16.54
7426,29.91
7427,34.21
7428,29.80
7429,28.01
7430,24.79
7431,15.38
7432,11.97
7433,10.30
7434,9.30
7435,8.20
7436,7.40
7437,6.60
7438,5.80
7439,5.10
7440,4.30
7441,3.60
7442,2.80
7443,2.00
7444,1.20
7445,0.40
7446,-0.50
7447,-1.30
7448,4.45
7449,15.63
7450,25.20
7451,31.28
7452,28.31
7453,27.01
7454,22.02
7455,13.56
7456,9.71
7457,8.30
7458,7.50
7459,6.60
7460,5.40
7461,4.20
7462,3.00
7463,2.80
7464,2.50
7465,2.30
7466,3.00
7467,3.70
7468,4.40
7469,4.80
7470,5.10
7471,5.50
7472,6.64
7473,9.68
7474,11.89
7475,13.41
7476,10.36
7477,10.38
7478,9.63
7479,9.84
7480,7.89
7481,7.50
7482,7.30
7483,7.20
7484,7.10
7485,7.00
7486,6.90
7487,6.80
7488,6.70
7489,6.60
7490,6.50
7491,6.30
7492,6.20
7493,6.30
7494,6.30
7495,6.40
7496,7.24
7497,8.38
7498,9.34
7499,10.15
7500,10.56
7501,10.65
7502,10.20
7503,9.54
7504,8.71
7505,8.10
7506,7.60
7507,7.10
7508,7.10
7509,7.20
7510,7.20
7511,7.10
7512,7.10
7513,7.00
7514,7.00
7515,6.90
7516,6.90
7517,6.80
7518,6.80
7519,6.70
7520,7.84
7521,10.93
7522,12.88
7523,14.38
7524,15.19
7525,14.92
7526,13.38
7527,10.30
7528,9.39
7529,9.10
7530,8.80
7531,8.60
7532,8.40
7533,8.20
7534,8.00
7535,7.40
7536,6.90
7537,6.30
7538,5.80
7539,5.20
7540,4.70
7541,4.30
7542,3.90
7543,3.50
7544,3.73
7545,4.08
7546,4.32
7547,4.43
7548,4.31
7549,3.77
7550,3.04
7551,2.17
7552,1.25
7553,1.10
7554,0.90
7555,0.80
7556,0.70
7557,0.70
7558,0.60
7559,0.40
7560,0.10
7561,-0.10
7562,-0.40
7563,-0.60
7564,-0.90
7565,-1.00
7566,-1.20
7567,-1.30
7568,-0.23
7569,0.08
7570,0.76
7571,1.05
7572,0.95
7573,0.48
7574,-0.11
7575,-0.98
7576,-1.77
7577,-1.60
7578,-1.50
7579,-1.30
7580,-1.80
7581,-2.30
7582,-2.80
7583,-3.10
7584,-3.30
7585,-3.60
7586,-3.70
7587,-3.70
7588,-3.80
7589,-4.00
7590,-4.20
7591,-4.40
7592,-3.58
7593,-2.49
7594,-1.43
7595,-0.71
7596,-0.31
7597,-0.44
7598,-1.06
7599,-1.93
7600,-2.77
7601,-2.90
7602,-3.10
7603,-3.20
7604,-3.30
7605,-3.30
7606,-3.40
7607,-3.50
7608,-3.60
7609,-3.70
7610,-3.70
7611,-3.60
7612,-3.60
7613,-3.60
7614,-3.70
7615,-3.70
7616,-2.38
7617,-0.68
7618,0.83
7619,2.40
7620,3.77
7621,4.74
7622,4.15
7623,3.52
7624,2.80
7625,3.00
7626,3.20
7627,3.40
7628,3.90
7629,4.40
7630,4.90
7631,5.10
7632,5.20
7633,5.40
7634,5.60
7635,5.80
7636,6.00
7637,6.20
7638,6.30
7639,6.50
7640,7.22
7641,8.31
7642,9.22
7643,9.78
7644,10.13
7645,10.02
7646,9.65
7647,9.02
7648,8.40
7649,8.20
7650,8.10
7651,7.90
7652,8.10
7653,8.30
7654,8.50
7655,8.30
7656,8.20
7657,8.00
7658,8.00
7659,8.00
7660,8.00
7661,7.90
7662,7.90
7663,7.80
7664,8.72
7665,10.12
7666,12.78
7667,14.60
7668,13.67
7669,13.45
7670,12.08
7671,10.79
7672,9.40
7673,8.50
7674,7.70
7675,6.80
7676,6.60
7677,6.40
7678,6.20
7679,6.10
7680,6.00
7681,5.90
7682,5.90
7683,6.00
7684,6.00
7685,5.80
7686,5.50
7687,5.30
7688,6.13
7689,7.60
7690,9.34
7691,13.39
7692,18.09
7693,18.34
7694,10.82
7695,8.26
7696,5.80
7697,5.10
7698,4.30
7699,3.60
7700,4.10
7701,4.60
7702,5.10
7703,4.90
7704,4.70
7705,4.50
7706,4.10
7707,3.80
7708,3.40
7709,3.70
7710,4.00
7711,4.30
7712,4.60
7713,5.11
7714,5.68
7715,6.23
7716,9.66
7717,8.99
7718,6.87
7719,5.05
7720,2.90
7721,2.90
7722,2.90
7723,2.90
7724,3.10
7725,3.20
7726,3.40
7727,3.40
7728,3.50
7729,3.50
7730,3.40
7731,3.20
7732,3.10
7733,3.10
7734,3.20
7735,3.20
7736,4.17
7737,6.04
7738,7.99
7739,9.34
7740,12.61
7741,11.88
7742,8.38
7743,5.70
7744,3.90
7745,3.00
7746,2.20
7747,1.30
7748,0.90
7749,0.40
7750,0.00
7751,-0.20
7752,-0.40
7753,-0.60
7754,-0.70
7755,-0.90
7756,-1.00
7757,-0.80
7758,-0.60
7759,-0.40
7760,1.60
7761,3.97
7762,6.51
7763,8.64
7764,6.89
7765,7.76
7766,7.14
7767,6.57
7768,5.90
7769,5.80
7770,5.60
7771,5.50
7772,5.80
7773,6.10
7774,6.40
7775,6.80
7776,7.10
7777,7.50
7778,7.60
7779,7.60
7780,7.70
7781,7.90
7782,8.20
7783,8.40
7784,9.56
7785,12.03
7786,15.55
7787,17.58
7788,18.38
7789,17.71
7790,13.54
7791,10.99
7792,8.50
7793,7.50
7794,6.40
7795,5.40
7796,4.90
7797,4.40
7798,3.90
7799,3.70
7800,3.50
7801,3.30
7802,3.60
7803,4.00
7804,4.30
7805,4.20
7806,4.10
7807,4.00
7808,4.51
7809,6.78
7810,8.62
7811,10.29
7812,11.02
7813,10.82
7814,9.06
7815,7.46
7816,6.00
7817,5.30
7818,4.60
7819,3.90
7820,3.30
7821,2.80
7822,2.20
7823,1.70
7824,1.10
7825,0.60
7826,-0.30
7827,-1.30
7828,-2.20
7829,-1.80
7830,-1.50
7831,-1.10
7832,1.86
7833,6.48
7834,15.21
7835,19.44
7836,20.45
7837,18.77
7838,11.01
7839,8.34
7840,5.30
7841,4.20
7842,3.10
7843,2.00
7844,2.80
7845,3.70
7846,4.50
7847,4.50
7848,4.50
7849,4.50
7850,4.40
7851,4.40
7852,4.30
7853,4.10
7854,3.90
7855,3.70
7856,4.57
7857,6.24
7858,5.92
7859,6.98
7860,7.74
7861,8.11
7862,7.31
7863,6.38
7864,5.60
7865,5.70
7866,5.70
7867,5.80
7868,6.30
7869,6.70
7870,7.20
7871,6.90
7872,6.50
7873,6.20
7874,6.00
7875,5.80
7876,5.60
7877,5.70
7878,5.90
7879,6.00
7880,5.74
7881,7.02
7882,8.23
7883,9.64
7884,10.15
7885,9.78
7886,8.77
7887,6.50
7888,4.30
7889,3.90
7890,3.40
7891,3.00
7892,2.50
7893,2.10
7894,1.60
7895,1.50
7896,1.50
7897,1.40
7898,1.10
7899,0.90
7900,0.60
7901,0.40
7902,0.30
7903,0.10
7904,0.71
7905,2.52
7906,4.43
7907,6.01
7908,6.65
7909,6.32
7910,4.42
7911,2.94
7912,1.40
7913,0.80
7914,0.20
7915,-0.40
7916,-0.70
7917,-0.90
7918,-1.20
7919,-1.60
7920,-2.10
7921,-2.50
7922,-3.20
7923,-3.90
7924,-4.60
7925,-4.30
7926,-3.90
7927,-3.60
7928,-2.95
7929,-0.45
7930,2.00
7931,4.53
7932,2.30
7933,3.20
7934,2.37
7935,1.41
7936,0.60
7937,0.50
7938,0.30
7939,0.20
7940,0.30
7941,0.40
7942,0.50
7943,1.10
7944,1.60
7945,2.20
7946,2.60
7947,3.10
7948,3.50
7949,3.90
7950,4.40
7951,4.80
7952,5.32
7953,6.35
7954,7.17
7955,7.93
7956,11.49
7957,11.10
7958,9.32
7959,7.82
7960,6.50
7961,6.00
7962,5.50
7963,5.00
7964,4.70
7965,4.30
7966,4.00
7967,4.10
7968,4.10
7969,4.20
7970,4.20
7971,4.20
7972,4.20
7973,4.20
7974,4.20
7975,4.20
7976,4.80
7977,6.29
7978,7.84
7979,9.08
7980,6.58
7981,6.35
7982,7.34
7983,6.08
7984,4.90
7985,4.60
7986,4.30
7987,4.00
7988,3.90
7989,3.70
7990,3.60
7991,3.50
7992,3.30
7993,3.20
7994,3.10
7995,3.10
7996,3.00
7997,2.90
7998,2.70
7999,2.60
8000,3.22
8001,4.80
8002,6.76
8003,8.39
8004,9.25
8005,8.67
8006,5.92
8007,4.06
8008,1.90
8009,1.20
8010,0.50
8011,-0.20
8012,-1.10
8013,-2.00
8014,-2.90
8015,-3.00
8016,-3.20
8017,-3.50
8018,-4.00
8019,-4.40
8020,-4.90
8021,-5.30
8022,-5.60
8023,-6.00
8024,-6.01
8025,-5.53
8026,-5.08
8027,-4.59
8028,-4.39
8029,-4.59
8030,-5.35
8031,-6.19
8032,-6.90
8033,-7.10
8034,-7.30
8035,-7.50
8036,-7.70
8037,-7.80
8038,-8.00
8039,-8.20
8040,-8.50
8041,-8.70
8042,-8.80
8043,-8.80
8044,-8.90
8045,-9.10
8046,-9.30
8047,-9.50
8048,-9.14
8049,-8.13
8050,-7.32
8051,-6.47
8052,-6.10
8053,-6.08
8054,-6.68
8055,-7.29
8056,-7.80
8057,-7.70
8058,-7.60
8059,-7.50
8060,-7.60
8061,-7.70
8062,-7.80
8063,-7.90
8064,-8.00
8065,-8.10
8066,-8.20
8067,-8.40
8068,-8.50
8069,-8.80
8070,-9.00
8071,-9.30
8072,-8.80
8073,-6.83
8074,-2.47
8075,6.30
8076,13.70
8077,20.17
8078,2.54
8079,-2.05
8080,-4.40
8081,-5.70
8082,-6.90
8083,-8.20
8084,-8.40
8085,-8.70
8086,-8.90
8087,-8.40
8088,-8.00
8089,-7.50
8090,-7.50
8091,-7.50
8092,-7.50
8093,-8.20
8094,-8.80
8095,-9.50
8096,-7.10
8097,-2.79
8098,2.92
8099,6.01
8100,4.05
8101,3.99
8102,1.39
8103,-0.47
8104,-2.00
8105,-2.00
8106,-2.00
8107,-2.00
8108,-2.00
8109,-1.90
8110,-1.90
8111,-2.00
8112,-2.20
8113,-2.30
8114,-2.10
8115,-1.90
8116,-1.70
8117,-1.80
8118,-2.00
8119,-2.10
8120,-1.86
8121,0.49
8122,6.77
8123,8.46
8124,9.27
8125,5.47
8126,1.75
8127,-0.13
8128,-1.50
8129,-1.30
8130,-1.10
8131,-0.90
8132,-1.20
8133,-1.40
8134,-1.70
8135,-1.60
8136,-1.60
8137,-1.50
8138,-1.70
8139,-2.00
8140,-2.20
8141,-2.50
8142,-2.80
8143,-3.10
8144,-2.12
8145,-0.22
8146,1.92
8147,3.18
8148,3.74
8149,3.22
8150,1.32
8151,-1.00
8152,-2.00
8153,-2.00
8154,-2.00
8155,-2.00
8156,-2.00
8157,-2.10
8158,-2.10
8159,-2.40
8160,-2.60
8161,-2.90
8162,-3.00
8163,-3.20
8164,-3.30
8165,-3.40
8166,-3.60
8167,-3.70
8168,-3.59
8169,-2.86
8170,-2.35
8171,-1.86
8172,-1.77
8173,-1.90
8174,-2.60
8175,-3.50
8176,-4.10
8177,-4.10
8178,-4.10
8179,-4.10
8180,-4.20
8181,-4.30
8182,-4.40
8183,-4.10
8184,-3.90
8185,-3.60
8186,-3.60
8187,-3.70
8188,-3.70
8189,-3.90
8190,-4.20
8191,-4.40
8192,-4.11
8193,-3.50
8194,-2.97
8195,-2.15
8196,-1.66
8197,-1.65
8198,-2.21
8199,-2.95
8200,-3.40
8201,-3.50
8202,-3.50
8203,-3.60
8204,-3.80
8205,-3.90
8206,-4.10
8207,-4.10
8208,-4.20
8209,-4.20
8210,-4.30
8211,-4.50
8212,-4.60
8213,-4.70
8214,-4.90
8215,-5.00
8216,-4.68
8217,-3.84
8218,-3.07
8219,-2.35
8220,-2.15
8221,-2.25
8222,-2.81
8223,-3.55
8224,-4.00
8225,-4.20
8226,-4.30
8227,-4.50
8228,-4.40
8229,-4.30
8230,-4.20
8231,-4.30
8232,-4.40
8233,-4.50
8234,-4.60
8235,-4.80
8236,-4.90
8237,-5.30
8238,-5.60
8239,-6.00
8240,-5.59
8241,-4.60
8242,-3.65
8243,-3.42
8244,-3.74
8245,-4.45
8246,-5.35
8247,-6.42
8248,-7.20
8249,-7.80
8250,-8.30
8251,-8.90
8252,-9.20
8253,-9.40
8254,-9.70
8255,-10.90
8256,-12.00
8257,-13.20
8258,-14.30
8259,-15.50
8260,-16.60
8261,-16.80
8262,-17.00
8263,-17.20
8264,-15.06
8265,-9.96
8266,-3.81
8267,17.02
8268,19.08
8269,17.77
8270,-2.39
8271,-7.13
8272,-10.60
8273,-11.60
8274,-12.50
8275,-13.50
8276,-12.70
8277,-12.00
8278,-11.20
8279,-10.40
8280,-9.50
8281,-8.70
8282,-8.50
8283,-8.30
8284,-8.10
8285,-8.10
8286,-8.20
8287,-8.20
8288,-7.52
8289,-5.03
8290,-2.86
8291,3.90
8292,5.23
8293,3.01
8294,-2.12
8295,-4.01
8296,-5.30
8297,-4.70
8298,-4.20
8299,-3.60
8300,-3.30
8301,-2.90
8302,-2.60
8303,-2.40
8304,-2.20
8305,-2.00
8306,-1.80
8307,-1.60
8308,-1.40
8309,-0.70
8310,0.10
8311,0.80
8312,1.57
8313,2.56
8314,3.51
8315,3.80
8316,6.13
8317,5.59
8318,4.61
8319,3.97
8320,3.60
8321,3.70
8322,3.80
8323,3.90
8324,3.60
8325,3.20
8326,2.90
8327,3.40
8328,4.00
8329,4.50
8330,4.50
8331,4.50
8332,4.50
8333,4.30
8334,4.20
8335,4.00
8336,4.09
8337,5.30
8338,6.33
8339,8.30
8340,8.95
8341,8.28
8342,6.19
8343,4.61
8344,3.60
8345,3.50
8346,3.50
8347,3.40
8348,3.10
8349,2.80
8350,2.50
8351,2.50
8352,2.50
8353,2.50
8354,2.40
8355,2.30
8356,2.20
8357,2.30
8358,2.40
8359,2.50
8360,2.69
8361,3.52
8362,4.20
8363,5.12
8364,5.51
8365,5.62
8366,5.16
8367,4.62
8368,4.30
8369,4.40
8370,4.40
8371,4.50
8372,4.70
8373,4.80
8374,5.00
8375,5.30
8376,5.50
8377,5.80
8378,5.90
8379,6.00
8380,6.10
8381,6.20
8382,6.30
8383,6.40
8384,6.80
8385,8.01
8386,7.92
8387,7.32
8388,6.50
8389,5.23
8390,4.80
8391,4.19
8392,3.90
8393,3.80
8394,3.80
8395,3.70
8396,3.80
8397,3.80
8398,3.90
8399,3.90
8400,3.80
8401,3.80
8402,3.70
8403,3.60
8404,3.50
8405,3.30
8406,3.20
8407,3.00
8408,3.30
8409,4.12
8410,4.88
8411,8.95
8412,9.63
8413,11.84
8414,7.79
8415,5.14
8416,3.40
8417,3.20
8418,3.10
8419,2.90
8420,2.80
8421,2.60
8422,2.50
8423,2.30
8424,2.20
8425,2.00
8426,1.80
8427,1.60
8428,1.40
8429,1.60
8430,1.80
8431,2.00
8432,3.28
8433,6.52
8434,8.92
8435,19.16
8436,21.01
8437,20.94
8438,11.18
8439,8.27
8440,6.00
8441,5.70
8442,5.40
8443,5.10
8444,4.40
8445,3.60
8446,2.90
8447,2.80
8448,2.80
8449,2.70
8450,2.40
8451,2.20
8452,1.90
8453,1.40
8454,0.80
8455,0.30
8456,1.39
8457,3.59
8458,5.41
8459,6.87
8460,7.17
8461,6.34
8462,5.08
8463,4.09
8464,3.50
8465,3.60
8466,3.80
8467,3.90
8468,3.60
8469,3.20
8470,2.90
8471,2.60
8472,2.20
8473,1.90
8474,2.20
8475,2.50
8476,2.80
8477,2.90
8478,3.00
8479,3.10
8480,3.27
8481,4.67
8482,5.86
8483,7.92
8484,8.55
8485,8.09
8486,5.63
8487,3.82
8488,2.20
8489,2.40
8490,2.60
8491,2.80
8492,2.80
8493,2.70
8494,2.70
8495,1.90
8496,1.20
8497,0.40
8498,0.30
8499,0.20
8500,0.10
8501,-0.40
8502,-0.80
8503,-1.30
8504,-1.00
8505,0.87
8506,2.40
8507,4.51
8508,4.88
8509,3.68
8510,1.75
8511,0.09
8512,-0.90
8513,-1.10
8514,-1.30
8515,-1.50
8516,-1.80
8517,-2.00
8518,-2.30
8519,-2.10
8520,-2.00
8521,-1.80
8522,-2.00
8523,-2.30
8524,-2.50
8525,-2.70
8526,-2.80
8527,-3.00
8528,-2.66
8529,-0.36
8530,1.28
8531,5.62
8532,6.15
8533,4.80
8534,0.80
8535,-1.71
8536,-2.90
8537,-3.30
8538,-3.60
8539,-4.00
8540,-4.60
8541,-5.10
8542,-5.70
8543,-6.70
8544,-7.80
8545,-8.80
8546,-7.40
8547,-5.90
8548,-4.50
8549,-5.30
8550,-6.20
8551,-7.00
8552,-6.24
8553,-2.80
8554,0.27
8555,15.23
8556,22.29
8557,20.54
8558,2.68
8559,-1.74
8560,-4.90
8561,-5.60
8562,-6.20
8563,-6.90
8564,-7.40
8565,-7.80
8566,-8.30
8567,-8.50
8568,-8.70
8569,-8.90
8570,-9.20
8571,-9.40
8572,-9.70
8573,-9.90
8574,-10.10
8575,-10.30
8576,-8.67
8577,-4.85
8578,-2.00
8579,3.82
8580,5.13
8581,4.96
8582,0.77
8583,-1.63
8584,-2.90
8585,-3.40
8586,-3.80
8587,-4.30
8588,-4.30
8589,-4.30
8590,-4.30
8591,-3.80
8592,-3.40
8593,-2.90
8594,-3.20
8595,-3.60
8596,-3.90
8597,-3.90
8598,-3.80
8599,-3.80
8600,-3.34
8601,-2.56
8602,-1.81
8603,-1.27
8604,-0.99
8605,-1.10
8606,-0.58
8607,-1.81
8608,-3.00
8609,-3.20
8610,-3.50
8611,-3.70
8612,-3.80
8613,-4.00
8614,-4.10
8615,-3.70
8616,-3.40
8617,-3.00
8618,-2.90
8619,-2.80
8620,-2.70
8621,-2.70
8622,-2.60
8623,-2.60
8624,-1.70
8625,-0.07
8626,1.33
8627,3.11
8628,5.70
8629,5.02
8630,1.81
8631,0.19
8632,-1.30
8633,-1.40
8634,-1.40
8635,-1.50
8636,-1.60
8637,-1.70
8638,-1.80
8639,-1.80
8640,-1.90
8641,-1.90
8642,-1.10
8643,-0.40
8644,0.40
8645,0.30
8646,0.20
8647,0.10
8648,0.46
8649,1.28
8650,2.02
8651,2.81
8652,3.10
8653,3.20
8654,2.59
8655,1.85
8656,1.30
8657,1.30
8658,1.20
8659,1.20
8660,1.30
8661,1.50
8662,1.60
8663,1.60
8664,1.60
8665,1.60
8666,1.70
8667,1.70
8668,1.80
8669,1.60
8670,1.40
8671,1.20
8672,2.34
8673,5.24
8674,7.84
8675,12.88
8676,10.87
8677,10.77
8678,8.18
8679,5.82
8680,4.10
8681,3.60
8682,3.20
8683,2.70
8684,2.70
8685,2.70
8686,2.70
8687,1.70
8688,0.70
8689,-0.30
8690,0.10
8691,0.60
8692,1.00
8693,0.80
8694,0.50
8695,0.30
8696,1.02
8697,3.48
8698,4.83
8699,7.56
8700,8.38
8701,8.02
8702,6.97
8703,4.50
8704,2.50
8705,0.90
8706,-0.70
8707,-2.30
8708,-2.60
8709,-3.00
8710,-3.30
8711,-3.80
8712,-4.30
8713,-4.80
8714,-4.20
8715,-3.50
8716,-2.90
8717,-2.00
8718,-1.00
8719,-0.10
8720,0.09
8721,1.92
8722,3.09
8723,5.20
8724,5.49
8725,4.64
8726,2.53
8727,0.39
8728,-0.20
8729,-0.20
8730,-0.30
8731,-0.30
8732,-0.50
8733,-0.80
8734,-1.00
8735,-1.20
8736,-1.50
8737,-1.70
8738,-2.00
8739,-2.20
8740,-2.50
8741,-2.70
8742,-2.90
8743,-3.10
8744,-3.00
8745,-2.35
8746,-1.74
8747,9.57
8748,15.47
8749,22.51
8750,5.56
8751,1.72
8752,-0.70
8753,-1.40
8754,-2.10
8755,-2.80
8756,-2.90
8757,-3.00
8758,-3.10
8759,-3.30
8760,-3.40
