hour, t(sec), P1 (kW), Q1 (kvar), P2 (kW), Q2 (kvar)
0, 60.00000, 0.11704, 0.0384691, -1.94383E-008, 2.41134E-008
0, 120.00000, 0.11704, 0.0384692, -1.94382E-008, 2.41117E-008
0, 180.00000, 0.11704, 0.0384692, -1.94381E-008, 2.41117E-008
0, 240.00000, 0.11704, 0.0384692, -1.94381E-008, 2.41117E-008
0, 300.00000, 0.11704, 0.0384692, -1.94381E-008, 2.41117E-008
0, 360.00000, 0.0877801, 0.0288521, 3.73719E-008, -8.67737E-010
0, 420.00000, 0.08778, 0.0288519, 3.7384E-008, -8.54562E-010
0, 480.00000, 0.08778, 0.0288519, 3.73841E-008, -8.54414E-010
0, 540.00000, 0.08778, 0.0288519, 3.73841E-008, -8.54413E-010
0, 600.00000, 0.08778, 0.0288519, 3.73841E-008, -8.54413E-010
0, 660.00000, 0.10241, 0.0336603, -3.72251E-008, -1.34001E-008
0, 720.00000, 0.10241, 0.0336605, -3.72461E-008, -1.34098E-008
0, 780.00000, 0.10241, 0.0336606, -3.72462E-008, -1.34099E-008
0, 840.00000, 0.10241, 0.0336606, -3.72462E-008, -1.34099E-008
0, 900.00000, 0.10241, 0.0336606, -3.72462E-008, -1.34099E-008
0, 960.00000, 0.087779, 0.0288515, 7.66736E-008, 3.5409E-008
0, 1020.00000, 0.0877799, 0.0288519, 7.66433E-008, 3.54185E-008
0, 1080.00000, 0.0877799, 0.0288519, 7.66431E-008, 3.54186E-008
0, 1140.00000, 0.0877799, 0.0288519, 7.66431E-008, 3.54186E-008
0, 1200.00000, 0.0877799, 0.0288519, 7.66431E-008, 3.54186E-008
0, 1260.00000, 0.0731504, 0.0240434, 3.21917E-008, 9.88469E-010
0, 1320.00000, 0.07315, 0.0240432, 3.22135E-008, 9.84797E-010
0, 1380.00000, 0.07315, 0.0240432, 3.22136E-008, 9.84837E-010
0, 1440.00000, 0.07315, 0.0240432, 3.22136E-008, 9.84838E-010
0, 1500.00000, 0.07315, 0.0240432, 3.22136E-008, 9.84838E-010
0, 1560.00000, 0.11704, 0.0384692, 8.75679E-009, 9.18315E-009
0, 1620.00000, 0.11704, 0.0384692, 8.76918E-009, 9.16652E-009
0, 1680.00000, 0.11704, 0.0384692, 8.76933E-009, 9.16642E-009
0, 1740.00000, 0.11704, 0.0384692, 8.76934E-009, 9.16642E-009
0, 1800.00000, 0.11704, 0.0384692, 8.76934E-009, 9.16642E-009
0, 1860.00000, 0.11704, 0.0384691, -1.6068E-008, -1.07881E-008
0, 1920.00000, 0.11704, 0.0384692, -1.6083E-008, -1.07708E-008
0, 1980.00000, 0.11704, 0.0384692, -1.60832E-008, -1.07707E-008
0, 2040.00000, 0.11704, 0.0384692, -1.60832E-008, -1.07707E-008
0, 2100.00000, 0.11704, 0.0384692, -1.60832E-008, -1.07707E-008
0, 2160.00000, 0.10241, 0.0336604, 4.77599E-008, 5.49831E-010
0, 2220.00000, 0.10241, 0.0336605, 4.77418E-008, 5.48114E-010
0, 2280.00000, 0.10241, 0.0336605, 4.77417E-008, 5.48042E-010
0, 2340.00000, 0.10241, 0.0336605, 4.77417E-008, 5.48041E-010
0, 2400.00000, 0.10241, 0.0336605, 4.77417E-008, 5.48041E-010
0, 2460.00000, 0.117039, 0.038469, 4.63906E-009, 2.81633E-008
0, 2520.00000, 0.11704, 0.0384692, 4.61069E-009, 2.81826E-008
0, 2580.00000, 0.11704, 0.0384692, 4.61039E-009, 2.81827E-008
0, 2640.00000, 0.11704, 0.0384692, 4.61039E-009, 2.81827E-008
0, 2700.00000, 0.11704, 0.0384692, 4.61039E-009, 2.81827E-008
0, 2760.00000, 0.0877799, 0.028852, 3.70262E-008, -1.03363E-009
0, 2820.00000, 0.08778, 0.0288519, 3.70281E-008, -1.01831E-009
0, 2880.00000, 0.08778, 0.0288519, 3.7028E-008, -1.01819E-009
0, 2940.00000, 0.08778, 0.0288519, 3.7028E-008, -1.01818E-009
0, 3000.00000, 0.08778, 0.0288519, 3.7028E-008, -1.01818E-009
0, 3060.00000, 0.13167, 0.0432774, -9.53475E-008, 4.1782E-008
0, 3120.00000, 0.13167, 0.0432778, -9.53416E-008, 4.17258E-008
0, 3180.00000, 0.13167, 0.0432778, -9.53414E-008, 4.17254E-008
0, 3240.00000, 0.13167, 0.0432778, -9.53414E-008, 4.17254E-008
0, 3300.00000, 0.13167, 0.0432778, -9.53414E-008, 4.17254E-008
0, 3360.00000, 0.10241, 0.0336606, 9.16106E-008, 6.78595E-008
0, 3420.00000, 0.10241, 0.0336605, 9.16383E-008, 6.78399E-008
0, 3480.00000, 0.10241, 0.0336605, 9.16386E-008, 6.78399E-008
0, 3540.00000, 0.10241, 0.0336605, 9.16386E-008, 6.78399E-008
1, 0.00000, 0.10241, 0.0336605, 9.16386E-008, 6.78399E-008
1, 60.00000, 0.117041, 0.0384696, -3.69137E-008, 4.86268E-009
1, 120.00000, 0.11704, 0.0384692, -3.69188E-008, 4.862E-009
1, 180.00000, 0.11704, 0.0384692, -3.69189E-008, 4.86194E-009
1, 240.00000, 0.11704, 0.0384692, -3.69189E-008, 4.86194E-009
1, 300.00000, 0.11704, 0.0384692, -3.69189E-008, 4.86194E-009
1, 360.00000, 0.0877804, 0.0288524, 1.95881E-008, -8.14441E-009
1, 420.00000, 0.08778, 0.0288519, 1.96191E-008, -8.13002E-009
1, 480.00000, 0.08778, 0.0288519, 1.96193E-008, -8.12965E-009
1, 540.00000, 0.08778, 0.0288519, 1.96193E-008, -8.12965E-009
1, 600.00000, 0.08778, 0.0288519, 1.96193E-008, -8.12965E-009
1, 660.00000, 0.0731498, 0.0240431, 1.46848E-008, -5.78248E-009
1, 720.00000, 0.07315, 0.0240432, 1.46718E-008, -5.787E-009
1, 780.00000, 0.07315, 0.0240432, 1.46717E-008, -5.78713E-009
1, 840.00000, 0.07315, 0.0240432, 1.46717E-008, -5.78714E-009
1, 900.00000, 0.07315, 0.0240432, 1.46717E-008, -5.78714E-009
1, 960.00000, 0.08778, 0.0288523, 3.51966E-008, 4.26845E-010
1, 1020.00000, 0.08778, 0.0288519, 3.52098E-008, 4.55381E-010
1, 1080.00000, 0.08778, 0.0288519, 3.52098E-008, 4.55792E-010
1, 1140.00000, 0.08778, 0.0288519, 3.52098E-008, 4.55797E-010
1, 1200.00000, 0.08778, 0.0288519, 3.52098E-008, 4.55797E-010
1, 1260.00000, 0.0731497, 0.0240428, 5.90517E-008, 1.48344E-008
1, 1320.00000, 0.0731499, 0.0240432, 5.90281E-008, 1.48163E-008
1, 1380.00000, 0.0731499, 0.0240432, 5.9028E-008, 1.4816E-008
1, 1440.00000, 0.0731499, 0.0240432, 5.9028E-008, 1.4816E-008
1, 1500.00000, 0.0731499, 0.0240432, 5.9028E-008, 1.4816E-008
1, 1560.00000, 0.10241, 0.0336607, 2.95176E-009, 2.53029E-008
1, 1620.00000, 0.10241, 0.0336605, 2.95139E-009, 2.53273E-008
1, 1680.00000, 0.10241, 0.0336605, 2.95122E-009, 2.53276E-008
1, 1740.00000, 0.10241, 0.0336605, 2.95122E-009, 2.53276E-008
1, 1800.00000, 0.10241, 0.0336605, 2.95122E-009, 2.53276E-008
1, 1860.00000, 0.11704, 0.0384696, -6.47854E-008, -1.49036E-009
1, 1920.00000, 0.11704, 0.0384692, -6.47595E-008, -1.47842E-009
1, 1980.00000, 0.11704, 0.0384692, -6.47593E-008, -1.47811E-009
1, 2040.00000, 0.11704, 0.0384692, -6.47593E-008, -1.47811E-009
1, 2100.00000, 0.11704, 0.0384692, -6.47593E-008, -1.47811E-009
1, 2160.00000, 0.0877798, 0.0288516, -1.64874E-008, -2.44729E-008
1, 2220.00000, 0.08778, 0.0288519, -1.65041E-008, -2.44847E-008
1, 2280.00000, 0.08778, 0.0288519, -1.65042E-008, -2.44849E-008
1, 2340.00000, 0.08778, 0.0288519, -1.65042E-008, -2.44849E-008
1, 2400.00000, 0.08778, 0.0288519, -1.65042E-008, -2.44849E-008
1, 2460.00000, 0.117038, 0.0384676, -4.4038E-008, 4.07283E-009
1, 2520.00000, 0.11704, 0.0384692, -4.4222E-008, 4.06236E-009
1, 2580.00000, 0.11704, 0.0384692, -4.42239E-008, 4.06116E-009
1, 2640.00000, 0.11704, 0.0384692, -4.42239E-008, 4.06114E-009
1, 2700.00000, 0.11704, 0.0384692, -4.42239E-008, 4.06114E-009
1, 2760.00000, 0.0877801, 0.0288519, 1.78557E-008, -7.24763E-009
1, 2820.00000, 0.08778, 0.0288519, 1.78653E-008, -7.2519E-009
1, 2880.00000, 0.08778, 0.0288519, 1.78654E-008, -7.25188E-009
1, 2940.00000, 0.08778, 0.0288519, 1.78654E-008, -7.25188E-009
1, 3000.00000, 0.08778, 0.0288519, 1.78654E-008, -7.25188E-009
1, 3060.00000, 0.0877801, 0.0288521, 7.71331E-010, -1.82049E-008
1, 3120.00000, 0.08778, 0.0288519, 7.80508E-010, -1.81928E-008
1, 3180.00000, 0.08778, 0.0288519, 7.8052E-010, -1.81926E-008
1, 3240.00000, 0.08778, 0.0288519, 7.80519E-010, -1.81926E-008
1, 3300.00000, 0.08778, 0.0288519, 7.80519E-010, -1.81926E-008
1, 3360.00000, 0.0877802, 0.0288515, 3.68898E-008, -1.0608E-009
1, 3420.00000, 0.08778, 0.0288519, 3.68914E-008, -1.1031E-009
1, 3480.00000, 0.08778, 0.0288519, 3.68918E-008, -1.10354E-009
1, 3540.00000, 0.08778, 0.0288519, 3.68918E-008, -1.10354E-009
2, 0.00000, 0.08778, 0.0288519, 3.68918E-008, -1.10354E-009
2, 60.00000, 0.0877801, 0.0288521, -1.60657E-008, -5.49531E-009
2, 120.00000, 0.08778, 0.0288519, -1.60677E-008, -5.48235E-009
2, 180.00000, 0.08778, 0.0288519, -1.60678E-008, -5.48224E-009
2, 240.00000, 0.08778, 0.0288519, -1.60678E-008, -5.48224E-009
2, 300.00000, 0.08778, 0.0288519, -1.60678E-008, -5.48224E-009
2, 360.00000, 0.0731498, 0.0240433, 1.53776E-008, 9.6877E-009
2, 420.00000, 0.07315, 0.0240432, 1.53723E-008, 9.69956E-009
2, 480.00000, 0.07315, 0.0240432, 1.53721E-008, 9.69965E-009
2, 540.00000, 0.07315, 0.0240432, 1.53721E-008, 9.69965E-009
2, 600.00000, 0.07315, 0.0240432, 1.53721E-008, 9.69965E-009
2, 660.00000, 0.0877785, 0.0288514, 2.07287E-008, 1.17297E-008
2, 720.00000, 0.08778, 0.0288519, 2.061E-008, 1.17606E-008
2, 780.00000, 0.08778, 0.0288519, 2.06084E-008, 1.17601E-008
2, 840.00000, 0.08778, 0.0288519, 2.06084E-008, 1.17601E-008
2, 900.00000, 0.08778, 0.0288519, 2.06084E-008, 1.17601E-008
2, 960.00000, 0.102411, 0.0336606, -1.57602E-008, -9.37713E-009
2, 1020.00000, 0.10241, 0.0336606, -1.57315E-008, -9.39809E-009
2, 1080.00000, 0.10241, 0.0336605, -1.57311E-008, -9.3981E-009
2, 1140.00000, 0.10241, 0.0336605, -1.57311E-008, -9.3981E-009
2, 1200.00000, 0.10241, 0.0336605, -1.57311E-008, -9.3981E-009
2, 1260.00000, 0.0585199, 0.0192342, 1.31077E-008, -1.82833E-008
2, 1320.00000, 0.05852, 0.0192346, 1.30722E-008, -1.83139E-008
2, 1380.00000, 0.05852, 0.0192346, 1.30719E-008, -1.83144E-008
2, 1440.00000, 0.05852, 0.0192346, 1.30719E-008, -1.83144E-008
2, 1500.00000, 0.05852, 0.0192346, 1.30719E-008, -1.83144E-008
2, 1560.00000, 0.10241, 0.0336607, -1.48878E-008, 3.76422E-008
2, 1620.00000, 0.10241, 0.0336605, -1.48933E-008, 3.76636E-008
2, 1680.00000, 0.10241, 0.0336605, -1.48935E-008, 3.76638E-008
2, 1740.00000, 0.10241, 0.0336605, -1.48935E-008, 3.76638E-008
2, 1800.00000, 0.10241, 0.0336605, -1.48935E-008, 3.76638E-008
2, 1860.00000, 0.0585196, 0.0192342, 1.17834E-008, -1.9458E-008
2, 1920.00000, 0.05852, 0.0192346, 1.1787E-008, -1.94695E-008
2, 1980.00000, 0.05852, 0.0192346, 1.17873E-008, -1.94698E-008
2, 2040.00000, 0.05852, 0.0192346, 1.17873E-008, -1.94698E-008
2, 2100.00000, 0.05852, 0.0192346, 1.17873E-008, -1.94698E-008
2, 2160.00000, 0.0731504, 0.0240438, 1.73774E-008, 2.62968E-008
2, 2220.00000, 0.07315, 0.0240432, 1.73948E-008, 2.63209E-008
2, 2280.00000, 0.07315, 0.0240432, 1.73947E-008, 2.63214E-008
2, 2340.00000, 0.07315, 0.0240432, 1.73947E-008, 2.63214E-008
2, 2400.00000, 0.07315, 0.0240432, 1.73947E-008, 2.63214E-008
2, 2460.00000, 0.08778, 0.0288521, 3.6236E-010, 7.91386E-010
2, 2520.00000, 0.08778, 0.0288519, 3.67376E-010, 8.04084E-010
2, 2580.00000, 0.08778, 0.0288519, 3.67341E-010, 8.04251E-010
2, 2640.00000, 0.08778, 0.0288519, 3.6734E-010, 8.04252E-010
2, 2700.00000, 0.08778, 0.0288519, 3.6734E-010, 8.04252E-010
2, 2760.00000, 0.0731501, 0.0240432, -2.68345E-010, -2.81872E-008
2, 2820.00000, 0.07315, 0.0240433, -2.66908E-010, -2.81988E-008
2, 2880.00000, 0.07315, 0.0240433, -2.66812E-010, -2.81989E-008
2, 2940.00000, 0.07315, 0.0240433, -2.6681E-010, -2.81989E-008
2, 3000.00000, 0.07315, 0.0240433, -2.6681E-010, -2.81989E-008
2, 3060.00000, 0.0877795, 0.0288514, 1.99936E-009, -9.01685E-010
2, 3120.00000, 0.08778, 0.0288519, 1.96436E-009, -9.13517E-010
2, 3180.00000, 0.08778, 0.0288519, 1.96407E-009, -9.1387E-010
2, 3240.00000, 0.08778, 0.0288519, 1.96407E-009, -9.13875E-010
2, 3300.00000, 0.08778, 0.0288519, 1.96407E-009, -9.13875E-010
2, 3360.00000, 0.0731505, 0.0240437, 1.73908E-008, 1.1601E-008
2, 3420.00000, 0.07315, 0.0240432, 1.74256E-008, 1.16107E-008
2, 3480.00000, 0.07315, 0.0240432, 1.74259E-008, 1.1611E-008
2, 3540.00000, 0.07315, 0.0240432, 1.74259E-008, 1.1611E-008
3, 0.00000, 0.07315, 0.0240432, 1.74259E-008, 1.1611E-008
3, 60.00000, 0.11704, 0.0384686, -3.75371E-008, 5.81092E-008
3, 120.00000, 0.11704, 0.0384691, -3.75681E-008, 5.80824E-008
3, 180.00000, 0.11704, 0.0384691, -3.75682E-008, 5.8082E-008
3, 240.00000, 0.11704, 0.0384691, -3.75682E-008, 5.8082E-008
3, 300.00000, 0.11704, 0.0384691, -3.75682E-008, 5.8082E-008
3, 360.00000, 0.0731501, 0.0240436, 3.02887E-008, 1.77125E-008
3, 420.00000, 0.07315, 0.0240432, 3.0301E-008, 1.77325E-008
3, 480.00000, 0.07315, 0.0240432, 3.0301E-008, 1.77328E-008
3, 540.00000, 0.07315, 0.0240432, 3.0301E-008, 1.77328E-008
3, 600.00000, 0.07315, 0.0240432, 3.0301E-008, 1.77328E-008
3, 660.00000, 0.102409, 0.0336597, -3.62679E-008, 5.05488E-009
3, 720.00000, 0.10241, 0.0336605, -3.63837E-008, 5.0775E-009
3, 780.00000, 0.10241, 0.0336605, -3.6385E-008, 5.07692E-009
3, 840.00000, 0.10241, 0.0336605, -3.6385E-008, 5.0769E-009
3, 900.00000, 0.10241, 0.0336605, -3.6385E-008, 5.0769E-009
3, 960.00000, 0.11704, 0.038469, -3.93943E-008, 3.06388E-008
3, 1020.00000, 0.11704, 0.0384692, -3.9389E-008, 3.06196E-008
3, 1080.00000, 0.11704, 0.0384692, -3.93888E-008, 3.06194E-008
3, 1140.00000, 0.11704, 0.0384692, -3.93888E-008, 3.06194E-008
3, 1200.00000, 0.11704, 0.0384692, -3.93888E-008, 3.06194E-008
3, 1260.00000, 0.05852, 0.0192348, 2.4017E-008, 2.13658E-009
3, 1320.00000, 0.05852, 0.0192346, 2.40271E-008, 2.14947E-009
3, 1380.00000, 0.05852, 0.0192346, 2.40271E-008, 2.14967E-009
3, 1440.00000, 0.05852, 0.0192346, 2.40271E-008, 2.14967E-009
3, 1500.00000, 0.05852, 0.0192346, 2.40271E-008, 2.14967E-009
3, 1560.00000, 0.0731483, 0.0240421, 1.57653E-009, 6.51845E-010
3, 1620.00000, 0.07315, 0.0240432, 1.49834E-009, 6.54757E-010
3, 1680.00000, 0.07315, 0.0240432, 1.49767E-009, 6.54267E-010
3, 1740.00000, 0.07315, 0.0240432, 1.49766E-009, 6.54257E-010
3, 1800.00000, 0.07315, 0.0240432, 1.49766E-009, 6.54257E-010
3, 1860.00000, 0.08778, 0.0288516, -1.19391E-008, -4.58048E-009
3, 1920.00000, 0.08778, 0.0288519, -1.19468E-008, -4.59919E-009
3, 1980.00000, 0.08778, 0.0288519, -1.19468E-008, -4.59943E-009
3, 2040.00000, 0.08778, 0.0288519, -1.19468E-008, -4.59943E-009
3, 2100.00000, 0.08778, 0.0288519, -1.19468E-008, -4.59943E-009
3, 2160.00000, 0.0731497, 0.0240431, 3.06217E-008, -2.43738E-009
3, 2220.00000, 0.07315, 0.0240432, 3.06067E-008, -2.43328E-009
3, 2280.00000, 0.07315, 0.0240432, 3.06065E-008, -2.43334E-009
3, 2340.00000, 0.07315, 0.0240432, 3.06065E-008, -2.43335E-009
3, 2400.00000, 0.07315, 0.0240432, 3.06065E-008, -2.43335E-009
3, 2460.00000, 0.0877806, 0.0288522, -1.60664E-008, -2.44664E-008
3, 2520.00000, 0.08778, 0.0288519, -1.60301E-008, -2.44737E-008
3, 2580.00000, 0.08778, 0.0288519, -1.60297E-008, -2.44735E-008
3, 2640.00000, 0.08778, 0.0288519, -1.60297E-008, -2.44735E-008
3, 2700.00000, 0.08778, 0.0288519, -1.60297E-008, -2.44735E-008
3, 2760.00000, 0.10241, 0.033661, -5.65673E-008, 2.22436E-008
3, 2820.00000, 0.10241, 0.0336605, -5.65611E-008, 2.22806E-008
3, 2880.00000, 0.10241, 0.0336605, -5.65613E-008, 2.22811E-008
3, 2940.00000, 0.10241, 0.0336605, -5.65613E-008, 2.22811E-008
3, 3000.00000, 0.10241, 0.0336605, -5.65613E-008, 2.22811E-008
3, 3060.00000, 0.0731495, 0.024043, 2.3064E-010, 1.6943E-009
3, 3120.00000, 0.07315, 0.0240432, 2.0031E-010, 1.69574E-009
3, 3180.00000, 0.07315, 0.0240432, 1.99999E-010, 1.69554E-009
3, 3240.00000, 0.07315, 0.0240432, 1.99997E-010, 1.69553E-009
3, 3300.00000, 0.07315, 0.0240432, 1.99997E-010, 1.69553E-009
3, 3360.00000, 0.0877803, 0.0288522, -1.69404E-008, 1.40357E-008
3, 3420.00000, 0.08778, 0.0288519, -1.69171E-008, 1.40466E-008
3, 3480.00000, 0.08778, 0.0288519, -1.6917E-008, 1.40469E-008
3, 3540.00000, 0.08778, 0.0288519, -1.6917E-008, 1.40469E-008
4, 0.00000, 0.08778, 0.0288519, -1.6917E-008, 1.40469E-008
4, 60.00000, 0.07315, 0.0240433, 1.47801E-008, -2.21953E-008
4, 120.00000, 0.07315, 0.0240433, 1.47812E-008, -2.21967E-008
4, 180.00000, 0.07315, 0.0240433, 1.47812E-008, -2.21967E-008
4, 240.00000, 0.07315, 0.0240433, 1.47812E-008, -2.21967E-008
4, 300.00000, 0.07315, 0.0240433, 1.47812E-008, -2.21967E-008
4, 360.00000, 0.0877805, 0.0288521, 3.71433E-009, 2.34294E-008
4, 420.00000, 0.08778, 0.0288519, 3.74432E-009, 2.34234E-008
4, 480.00000, 0.08778, 0.0288519, 3.74463E-009, 2.34236E-008
4, 540.00000, 0.08778, 0.0288519, 3.74463E-009, 2.34236E-008
4, 600.00000, 0.08778, 0.0288519, 3.74463E-009, 2.34236E-008
4, 660.00000, 0.0877798, 0.0288519, 3.22969E-009, 2.26561E-008
4, 720.00000, 0.08778, 0.0288519, 3.22142E-009, 2.26673E-008
4, 780.00000, 0.08778, 0.0288519, 3.22127E-009, 2.26673E-008
4, 840.00000, 0.08778, 0.0288519, 3.22127E-009, 2.26673E-008
4, 900.00000, 0.08778, 0.0288519, 3.22127E-009, 2.26673E-008
4, 960.00000, 0.07315, 0.0240433, 1.47356E-008, -8.90913E-009
4, 1020.00000, 0.07315, 0.0240433, 1.47328E-008, -8.90606E-009
4, 1080.00000, 0.07315, 0.0240433, 1.47328E-008, -8.90605E-009
4, 1140.00000, 0.07315, 0.0240433, 1.47328E-008, -8.90605E-009
4, 1200.00000, 0.07315, 0.0240433, 1.47328E-008, -8.90605E-009
4, 1260.00000, 0.08778, 0.0288518, -3.3827E-008, -3.564E-008
4, 1320.00000, 0.08778, 0.0288519, -3.38287E-008, -3.56493E-008
4, 1380.00000, 0.08778, 0.0288519, -3.38287E-008, -3.56494E-008
4, 1440.00000, 0.08778, 0.0288519, -3.38287E-008, -3.56494E-008
4, 1500.00000, 0.08778, 0.0288519, -3.38287E-008, -3.56494E-008
4, 1560.00000, 0.07315, 0.0240434, -6.53243E-010, -1.28082E-008
4, 1620.00000, 0.07315, 0.0240433, -6.5243E-010, -1.27964E-008
4, 1680.00000, 0.07315, 0.0240433, -6.525E-010, -1.27963E-008
4, 1740.00000, 0.07315, 0.0240433, -6.52501E-010, -1.27963E-008
4, 1800.00000, 0.07315, 0.0240433, -6.52501E-010, -1.27963E-008
4, 1860.00000, 0.0877799, 0.0288518, -3.22731E-008, 2.45728E-008
4, 1920.00000, 0.08778, 0.0288519, -3.22833E-008, 2.45739E-008
4, 1980.00000, 0.0877801, 0.0288519, -3.22863E-008, 2.45647E-008
4, 2040.00000, 0.08778, 0.0288518, -3.22838E-008, 2.45733E-008
4, 2100.00000, 0.0877801, 0.0288519, -3.22858E-008, 2.45662E-008
4, 2160.00000, 0.10241, 0.0336606, -3.56328E-008, 2.71074E-008
4, 2220.00000, 0.10241, 0.0336606, -3.56345E-008, 2.70908E-008
4, 2280.00000, 0.10241, 0.0336605, -3.56368E-008, 2.70846E-008
4, 2340.00000, 0.10241, 0.0336605, -3.56382E-008, 2.70807E-008
4, 2400.00000, 0.10241, 0.0336607, -3.56508E-008, 2.70416E-008
4, 2460.00000, 0.0877801, 0.0288519, 9.50149E-010, -3.47807E-008
4, 2520.00000, 0.0877802, 0.0288522, 9.36724E-010, -3.48267E-008
4, 2580.00000, 0.08778, 0.0288519, 9.3473E-010, -3.48286E-008
4, 2640.00000, 0.08778, 0.0288519, 9.34718E-010, -3.48286E-008
4, 2700.00000, 0.08778, 0.0288519, 9.34715E-010, -3.48286E-008
4, 2760.00000, 0.0877801, 0.0288517, 1.76255E-008, 8.4018E-009
4, 2820.00000, 0.0877801, 0.028852, 1.76194E-008, 8.35814E-009
4, 2880.00000, 0.08778, 0.0288519, 1.76156E-008, 8.35128E-009
4, 2940.00000, 0.0877801, 0.028852, 1.76079E-008, 8.33659E-009
4, 3000.00000, 0.0877801, 0.028852, 1.75999E-008, 8.32163E-009
4, 3060.00000, 0.0731501, 0.0240436, 3.11581E-008, 2.21096E-009
4, 3120.00000, 0.0731502, 0.0240435, 3.11457E-008, 2.18525E-009
4, 3180.00000, 0.0731499, 0.0240432, 3.11487E-008, 2.19337E-009
4, 3240.00000, 0.0731501, 0.0240434, 3.11306E-008, 2.16273E-009
4, 3300.00000, 0.07315, 0.0240433, 3.11258E-008, 2.15684E-009
4, 3360.00000, 0.0877799, 0.0288518, 2.32022E-008, 5.20555E-008
4, 3420.00000, 0.0877801, 0.028852, 2.31788E-008, 5.20192E-008
4, 3480.00000, 0.0877802, 0.0288521, 2.31453E-008, 5.19505E-008
4, 3540.00000, 0.0877801, 0.028852, 2.31293E-008, 5.19209E-008
5, 0.00000, 0.08778, 0.0288518, 2.31287E-008, 5.19214E-008
5, 60.00000, 0.0731501, 0.0240433, 1.00842E-010, -1.43288E-008
5, 120.00000, 0.0731501, 0.0240434, 9.70856E-011, -1.4344E-008
5, 180.00000, 0.0731501, 0.0240435, 8.30364E-011, -1.4373E-008
5, 240.00000, 0.0731501, 0.0240435, 7.19912E-011, -1.43957E-008
5, 300.00000, 0.0731503, 0.0240439, 4.21835E-011, -1.44567E-008
5, 360.00000, 0.102411, 0.0336614, -3.66003E-008, 5.00962E-008
5, 420.00000, 0.10241, 0.0336608, -3.65558E-008, 5.00921E-008
5, 480.00000, 0.10241, 0.0336607, -3.6566E-008, 5.00611E-008
5, 540.00000, 0.10241, 0.0336613, -3.65982E-008, 4.99576E-008
5, 600.00000, 0.10241, 0.0336613, -3.66332E-008, 4.98495E-008
5, 660.00000, 0.10241, 0.0336608, -3.97521E-008, 7.47325E-009
5, 720.00000, 0.10241, 0.0336615, -3.97671E-008, 7.36407E-009
5, 780.00000, 0.10241, 0.033661, -3.97888E-008, 7.30777E-009
5, 840.00000, 0.10241, 0.0336612, -3.98167E-008, 7.23015E-009
5, 900.00000, 0.10241, 0.0336615, -3.98561E-008, 7.12099E-009
5, 960.00000, 0.10241, 0.0336597, 6.02159E-009, 1.04059E-009
5, 1020.00000, 0.10241, 0.0336615, 5.94935E-009, 8.82804E-010
5, 1080.00000, 0.10241, 0.0336614, 5.89905E-009, 7.84375E-010
5, 1140.00000, 0.10241, 0.0336613, 5.85068E-009, 6.91035E-010
5, 1200.00000, 0.10241, 0.0336613, 5.80667E-009, 6.06303E-010
5, 1260.00000, 0.10241, 0.0336612, 3.29008E-009, -2.0906E-008
5, 1320.00000, 0.10241, 0.0336611, 3.26165E-009, -2.09237E-008
5, 1380.00000, 0.10241, 0.0336616, 3.20139E-009, -2.10344E-008
5, 1440.00000, 0.10241, 0.0336612, 3.15852E-009, -2.11127E-008
5, 1500.00000, 0.10241, 0.0336617, 3.09016E-009, -2.12397E-008
5, 1560.00000, 0.0877795, 0.0288511, 2.39651E-009, -2.99219E-009
5, 1620.00000, 0.0877803, 0.0288526, 2.31717E-009, -3.10349E-009
5, 1680.00000, 0.0877804, 0.0288528, 2.26278E-009, -3.21158E-009
5, 1740.00000, 0.0877802, 0.0288523, 2.23525E-009, -3.26691E-009
5, 1800.00000, 0.0877803, 0.0288527, 2.18824E-009, -3.35945E-009
5, 1860.00000, 0.0877804, 0.0288523, 3.38274E-008, 1.60612E-008
5, 1920.00000, 0.0877802, 0.0288526, 3.37945E-008, 1.59669E-008
5, 1980.00000, 0.0877802, 0.0288526, 3.37365E-008, 1.58678E-008
5, 2040.00000, 0.0877802, 0.0288525, 3.36885E-008, 1.5786E-008
5, 2100.00000, 0.0877802, 0.0288527, 3.36233E-008, 1.56747E-008
5, 2160.00000, 0.0877801, 0.0288518, 1.11174E-009, 1.96332E-008
5, 2220.00000, 0.0877802, 0.0288527, 1.06324E-009, 1.95247E-008
5, 2280.00000, 0.0877803, 0.0288529, 9.94683E-010, 1.938E-008
5, 2340.00000, 0.0877801, 0.0288524, 9.59017E-010, 1.93045E-008
5, 2400.00000, 0.0877802, 0.0288526, 9.12514E-010, 1.92064E-008
5, 2460.00000, 0.102409, 0.033661, -4.12616E-008, -1.87529E-008
5, 2520.00000, 0.10241, 0.0336615, -4.13258E-008, -1.88096E-008
5, 2580.00000, 0.10241, 0.0336613, -4.13658E-008, -1.89097E-008
5, 2640.00000, 0.10241, 0.0336612, -4.14009E-008, -1.90003E-008
5, 2700.00000, 0.10241, 0.0336615, -4.14496E-008, -1.91259E-008
5, 2760.00000, 0.0877806, 0.0288524, 8.21401E-010, 2.20688E-009
5, 2820.00000, 0.0877801, 0.0288525, 8.27309E-010, 2.13829E-009
5, 2880.00000, 0.0877801, 0.0288525, 7.81136E-010, 2.04982E-009
5, 2940.00000, 0.0877801, 0.0288525, 7.32531E-010, 1.95705E-009
5, 3000.00000, 0.0877801, 0.0288525, 6.85469E-010, 1.86744E-009
5, 3060.00000, 0.0877797, 0.0288514, 3.26537E-008, 1.60872E-008
5, 3120.00000, 0.0877801, 0.0288525, 3.25612E-008, 1.59681E-008
5, 3180.00000, 0.0877801, 0.0288526, 3.24988E-008, 1.58615E-008
5, 3240.00000, 0.0877801, 0.0288526, 3.24306E-008, 1.57451E-008
5, 3300.00000, 0.08778, 0.0288525, 3.23718E-008, 1.56448E-008
5, 3360.00000, 0.0877802, 0.0288518, 1.46579E-008, -3.15223E-008
5, 3420.00000, 0.0877801, 0.0288528, 1.45992E-008, -3.16428E-008
5, 3480.00000, 0.08778, 0.0288526, 1.45456E-008, -3.17277E-008
5, 3540.00000, 0.08778, 0.0288525, 1.44954E-008, -3.18064E-008
6, 0.00000, 0.08778, 0.0288522, 1.44704E-008, -3.18463E-008
6, 60.00000, 0.13167, 0.0432775, -5.29195E-008, -1.93314E-009
6, 120.00000, 0.13167, 0.0432784, -5.29923E-008, -2.09142E-009
6, 180.00000, 0.13167, 0.0432782, -5.30398E-008, -2.21469E-009
6, 240.00000, 0.13167, 0.0432783, -5.31039E-008, -2.38351E-009
6, 300.00000, 0.13167, 0.0432783, -5.31686E-008, -2.55312E-009
6, 360.00000, 0.11704, 0.0384692, 7.21068E-010, -5.2257E-009
6, 420.00000, 0.11704, 0.0384696, 6.65568E-010, -5.37439E-009
6, 480.00000, 0.11704, 0.0384696, 5.92554E-010, -5.51093E-009
6, 540.00000, 0.11704, 0.0384694, 5.43371E-010, -5.6017E-009
6, 600.00000, 0.11704, 0.0384695, 4.71924E-010, -5.73581E-009
6, 660.00000, 0.13167, 0.043278, -1.98995E-008, 6.4651E-008
6, 720.00000, 0.13167, 0.0432781, -1.99746E-008, 6.44883E-008
6, 780.00000, 0.13167, 0.0432781, -2.00474E-008, 6.4309E-008
6, 840.00000, 0.13167, 0.0432781, -2.01078E-008, 6.41606E-008
6, 900.00000, 0.13167, 0.0432781, -2.01835E-008, 6.39728E-008
6, 960.00000, 0.11704, 0.0384695, -4.64957E-009, -2.49782E-008
6, 1020.00000, 0.11704, 0.0384694, -4.70106E-009, -2.50391E-008
6, 1080.00000, 0.11704, 0.0384695, -4.76639E-009, -2.51635E-008
6, 1140.00000, 0.11704, 0.0384695, -4.84308E-009, -2.53092E-008
6, 1200.00000, 0.11704, 0.0384694, -4.89147E-009, -2.53997E-008
6, 1260.00000, 0.131671, 0.0432774, -6.95169E-008, 1.6446E-008
6, 1320.00000, 0.13167, 0.0432782, -6.95766E-008, 1.62078E-008
6, 1380.00000, 0.13167, 0.0432781, -6.96309E-008, 1.60526E-008
6, 1440.00000, 0.13167, 0.043278, -6.96725E-008, 1.59342E-008
6, 1500.00000, 0.13167, 0.0432781, -6.97361E-008, 1.5752E-008
6, 1560.00000, 0.0731499, 0.0240434, 6.41367E-008, -2.96112E-008
6, 1620.00000, 0.0731498, 0.0240434, 6.40623E-008, -2.96901E-008
6, 1680.00000, 0.0731497, 0.0240434, 6.39745E-008, -2.9783E-008
6, 1740.00000, 0.0731497, 0.0240434, 6.38931E-008, -2.98689E-008
6, 1800.00000, 0.0731498, 0.0240434, 6.38218E-008, -2.99441E-008
6, 1860.00000, 0.117041, 0.0384705, 4.82658E-008, 6.57878E-008
6, 1920.00000, 0.11704, 0.0384693, 4.82775E-008, 6.56429E-008
6, 1980.00000, 0.11704, 0.0384692, 4.82106E-008, 6.55283E-008
6, 2040.00000, 0.11704, 0.0384693, 4.80921E-008, 6.53222E-008
6, 2100.00000, 0.11704, 0.0384692, 4.80214E-008, 6.52024E-008
6, 2160.00000, 0.11704, 0.0384688, 2.37152E-008, 2.41078E-009
6, 2220.00000, 0.11704, 0.0384693, 2.35862E-008, 2.21772E-009
6, 2280.00000, 0.11704, 0.0384693, 2.34935E-008, 2.06625E-009
6, 2340.00000, 0.11704, 0.0384693, 2.34028E-008, 1.91841E-009
6, 2400.00000, 0.11704, 0.0384693, 2.33147E-008, 1.77489E-009
6, 2460.00000, 0.0877798, 0.0288521, 2.94949E-008, -5.84362E-009
6, 2520.00000, 0.0877796, 0.028852, 2.94334E-008, -5.93077E-009
6, 2580.00000, 0.0877797, 0.0288519, 2.93725E-008, -6.02313E-009
6, 2640.00000, 0.0877796, 0.0288519, 2.93026E-008, -6.12758E-009
6, 2700.00000, 0.0877798, 0.0288519, 2.92646E-008, -6.18538E-009
6, 2760.00000, 0.11704, 0.038469, -2.06054E-008, -1.84348E-008
6, 2820.00000, 0.11704, 0.0384692, -2.0681E-008, -1.8589E-008
6, 2880.00000, 0.117039, 0.0384692, -2.07542E-008, -1.87301E-008
6, 2940.00000, 0.11704, 0.0384692, -2.07685E-008, -1.87598E-008
6, 3000.00000, 0.117039, 0.0384692, -2.08469E-008, -1.89084E-008
6, 3060.00000, 0.102408, 0.0336621, -7.192E-009, -7.25057E-008
6, 3120.00000, 0.10241, 0.0336606, -7.20287E-009, -7.24916E-008
6, 3180.00000, 0.102409, 0.0336606, -7.26991E-009, -7.25901E-008
6, 3240.00000, 0.10241, 0.0336606, -7.31005E-009, -7.26511E-008
6, 3300.00000, 0.10241, 0.0336606, -7.35467E-009, -7.27182E-008
6, 3360.00000, 0.13167, 0.0432776, -2.33961E-008, 6.3506E-008
6, 3420.00000, 0.13167, 0.0432777, -2.35042E-008, 6.33812E-008
6, 3480.00000, 0.131669, 0.0432777, -2.36107E-008, 6.31322E-008
6, 3540.00000, 0.131669, 0.0432777, -2.3694E-008, 6.29357E-008
7, 0.00000, 0.131669, 0.0432777, -2.3773E-008, 6.275E-008
7, 60.00000, 0.0877807, 0.0288527, 4.62326E-008, 1.2831E-009
7, 120.00000, 0.0877799, 0.0288519, 4.62671E-008, 1.23747E-009
7, 180.00000, 0.0877793, 0.0288518, 4.61493E-008, 1.07904E-009
7, 240.00000, 0.0877793, 0.0288518, 4.60399E-008, 9.32525E-010
7, 300.00000, 0.0877796, 0.0288518, 4.59772E-008, 8.48117E-010
7, 360.00000, 0.146301, 0.0480827, 2.76717E-009, -1.45959E-008
7, 420.00000, 0.146299, 0.0480863, 2.73246E-009, -1.48308E-008
7, 480.00000, 0.146299, 0.0480863, 2.61858E-009, -1.50211E-008
7, 540.00000, 0.146299, 0.0480863, 2.49395E-009, -1.52246E-008
7, 600.00000, 0.146299, 0.0480863, 2.37689E-009, -1.54155E-008
7, 660.00000, 0.102408, 0.033663, -4.2923E-009, -9.72993E-008
7, 720.00000, 0.10241, 0.0336606, -4.41732E-009, -9.72936E-008
7, 780.00000, 0.102409, 0.0336605, -4.49064E-009, -9.73796E-008
7, 840.00000, 0.102409, 0.0336605, -4.55821E-009, -9.74639E-008
7, 900.00000, 0.102409, 0.0336604, -4.63277E-009, -9.75563E-008
7, 960.00000, 0.11704, 0.0384707, 4.43069E-008, -1.81064E-008
7, 1020.00000, 0.117039, 0.0384688, 4.41269E-008, -1.83078E-008
7, 1080.00000, 0.11704, 0.0384691, 4.40937E-008, -1.83606E-008
7, 1140.00000, 0.117039, 0.0384689, 4.39559E-008, -1.85432E-008
7, 1200.00000, 0.11704, 0.0384691, 4.39193E-008, -1.86003E-008
7, 1260.00000, 0.146301, 0.0480866, -1.14584E-007, -6.84176E-008
7, 1320.00000, 0.146299, 0.0480862, -1.14603E-007, -6.85937E-008
7, 1380.00000, 0.146299, 0.0480862, -1.14656E-007, -6.87363E-008
7, 1440.00000, 0.1463, 0.0480864, -1.14676E-007, -6.8791E-008
7, 1500.00000, 0.1463, 0.0480864, -1.14703E-007, -6.88615E-008
7, 1560.00000, 0.117038, 0.0384729, -7.04743E-008, -1.13137E-007
7, 1620.00000, 0.117039, 0.038469, -7.05077E-008, -1.13119E-007
7, 1680.00000, 0.117039, 0.038469, -7.05508E-008, -1.1319E-007
7, 1740.00000, 0.117039, 0.0384688, -7.06293E-008, -1.13325E-007
7, 1800.00000, 0.117039, 0.038469, -7.06713E-008, -1.134E-007
7, 1860.00000, 0.1463, 0.0480837, -1.10289E-007, -6.37201E-008
7, 1920.00000, 0.146299, 0.0480861, -1.10409E-007, -6.38409E-008
7, 1980.00000, 0.146299, 0.0480862, -1.10451E-007, -6.39508E-008
7, 2040.00000, 0.146299, 0.0480861, -1.10512E-007, -6.41068E-008
7, 2100.00000, 0.146298, 0.0480858, -1.10596E-007, -6.43217E-008
7, 2160.00000, 0.131671, 0.043278, -2.01757E-008, 2.28086E-008
7, 2220.00000, 0.131669, 0.0432774, -2.02152E-008, 2.26204E-008
7, 2280.00000, 0.131668, 0.0432773, -2.03205E-008, 2.24191E-008
7, 2340.00000, 0.131669, 0.0432776, -2.03578E-008, 2.2348E-008
7, 2400.00000, 0.131669, 0.0432774, -2.04276E-008, 2.22161E-008
7, 2460.00000, 0.131667, 0.0432825, -2.74194E-008, 1.06426E-009
7, 2520.00000, 0.131669, 0.0432774, -2.77027E-008, 1.08365E-009
7, 2580.00000, 0.131668, 0.0432772, -2.78144E-008, 8.87553E-010
7, 2640.00000, 0.131669, 0.0432775, -2.78605E-008, 7.93281E-010
7, 2700.00000, 0.131669, 0.0432776, -2.79012E-008, 7.13083E-010
7, 2760.00000, 0.10241, 0.0336605, -7.08842E-009, -8.2097E-008
7, 2820.00000, 0.102409, 0.0336604, -7.15326E-009, -8.21419E-008
7, 2880.00000, 0.102408, 0.0336599, -7.26527E-009, -8.22843E-008
7, 2940.00000, 0.102409, 0.0336602, -7.32708E-009, -8.23744E-008
7, 3000.00000, 0.102409, 0.0336604, -7.35589E-009, -8.24187E-008
7, 3060.00000, 0.146301, 0.0480873, -5.86178E-008, -4.48846E-008
7, 3120.00000, 0.146299, 0.0480859, -5.86184E-008, -4.49903E-008
7, 3180.00000, 0.146299, 0.0480861, -5.86677E-008, -4.50905E-008
7, 3240.00000, 0.146299, 0.048086, -5.87225E-008, -4.51982E-008
7, 3300.00000, 0.146299, 0.0480862, -5.87569E-008, -4.52672E-008
7, 3360.00000, 0.160931, 0.0528949, -1.46562E-007, 8.62841E-009
7, 3420.00000, 0.160929, 0.0528948, -1.46559E-007, 8.50722E-009
7, 3480.00000, 0.160928, 0.0528944, -1.46605E-007, 8.34086E-009
7, 3540.00000, 0.160929, 0.0528947, -1.46632E-007, 8.24811E-009
8, 0.00000, 0.160928, 0.0528942, -1.46695E-007, 8.02781E-009
8, 60.00000, 0.13167, 0.0432766, 7.31848E-009, -7.0643E-008
8, 120.00000, 0.131669, 0.0432773, 7.16718E-009, -7.07868E-008
8, 180.00000, 0.131669, 0.0432776, 7.1212E-009, -7.08506E-008
8, 240.00000, 0.131668, 0.0432771, 6.96997E-009, -7.10366E-008
8, 300.00000, 0.131669, 0.0432773, 6.87392E-009, -7.1165E-008
8, 360.00000, 0.160931, 0.0528963, 7.10356E-008, -1.56793E-008
8, 420.00000, 0.160927, 0.052894, 7.08815E-008, -1.59178E-008
8, 480.00000, 0.160928, 0.0528943, 7.07209E-008, -1.61126E-008
8, 540.00000, 0.160927, 0.0528941, 7.05108E-008, -1.63634E-008
8, 600.00000, 0.160927, 0.052894, 7.02966E-008, -1.66199E-008
8, 660.00000, 0.13167, 0.0432808, -1.58345E-008, -8.3145E-008
8, 720.00000, 0.131668, 0.0432771, -1.59113E-008, -8.33411E-008
8, 780.00000, 0.131669, 0.0432773, -1.59915E-008, -8.345E-008
8, 840.00000, 0.13167, 0.0432777, -1.60104E-008, -8.34793E-008
8, 900.00000, 0.131668, 0.0432772, -1.61012E-008, -8.35952E-008
8, 960.00000, 0.160931, 0.0528992, -1.02036E-008, 2.93018E-008
8, 1020.00000, 0.16093, 0.0528951, -1.02744E-008, 2.93935E-008
8, 1080.00000, 0.160929, 0.0528945, -1.0368E-008, 2.9248E-008
8, 1140.00000, 0.160929, 0.0528945, -1.04412E-008, 2.91173E-008
8, 1200.00000, 0.16093, 0.0528949, -1.04659E-008, 2.90682E-008
8, 1260.00000, 0.146301, 0.0480867, -1.65903E-008, -6.04714E-008
8, 1320.00000, 0.146299, 0.0480859, -1.66381E-008, -6.05858E-008
8, 1380.00000, 0.1463, 0.0480864, -1.6657E-008, -6.06183E-008
8, 1440.00000, 0.146299, 0.048086, -1.67267E-008, -6.07146E-008
8, 1500.00000, 0.146299, 0.048086, -1.67952E-008, -6.08124E-008
8, 1560.00000, 0.13167, 0.0432784, 3.4423E-008, -3.61878E-009
8, 1620.00000, 0.131669, 0.0432774, 3.43956E-008, -3.70452E-009
8, 1680.00000, 0.131669, 0.0432772, 3.43122E-008, -3.81538E-009
8, 1740.00000, 0.131669, 0.0432772, 3.42273E-008, -3.92822E-009
8, 1800.00000, 0.131669, 0.0432776, 3.41952E-008, -3.97334E-009
8, 1860.00000, 0.117039, 0.0384698, 3.87507E-008, -6.36296E-008
8, 1920.00000, 0.117039, 0.0384687, 3.86417E-008, -6.36683E-008
8, 1980.00000, 0.117038, 0.0384685, 3.85375E-008, -6.3779E-008
8, 2040.00000, 0.117038, 0.0384685, 3.84332E-008, -6.38933E-008
8, 2100.00000, 0.117039, 0.038469, 3.84018E-008, -6.39323E-008
8, 2160.00000, 0.102411, 0.0336601, 2.28108E-008, -6.93518E-008
8, 2220.00000, 0.102408, 0.0336596, 2.26983E-008, -6.95296E-008
8, 2280.00000, 0.102408, 0.0336595, 2.25691E-008, -6.96683E-008
8, 2340.00000, 0.102409, 0.0336604, 2.2545E-008, -6.97004E-008
8, 2400.00000, 0.102408, 0.0336599, 2.24616E-008, -6.97857E-008
8, 2460.00000, 0.11704, 0.0384687, -2.44867E-008, -1.25839E-007
8, 2520.00000, 0.117038, 0.0384685, -2.45994E-008, -1.25956E-007
8, 2580.00000, 0.11704, 0.0384691, -2.46124E-008, -1.25976E-007
8, 2640.00000, 0.117038, 0.0384683, -2.47151E-008, -1.26078E-007
8, 2700.00000, 0.117038, 0.0384686, -2.47801E-008, -1.26151E-007
8, 2760.00000, 0.11704, 0.038473, 3.25651E-009, -4.13305E-008
8, 2820.00000, 0.11704, 0.0384691, 3.31366E-009, -4.13152E-008
8, 2880.00000, 0.117039, 0.0384687, 3.25814E-009, -4.13831E-008
8, 2940.00000, 0.11704, 0.038469, 3.24001E-009, -4.14103E-008
8, 3000.00000, 0.117038, 0.0384684, 3.14925E-009, -4.15257E-008
8, 3060.00000, 0.146299, 0.0480866, 1.08309E-008, -2.53666E-008
8, 3120.00000, 0.1463, 0.0480865, 1.08011E-008, -2.53468E-008
8, 3180.00000, 0.146297, 0.0480849, 1.06283E-008, -2.55722E-008
8, 3240.00000, 0.146299, 0.0480859, 1.05801E-008, -2.56515E-008
8, 3300.00000, 0.146297, 0.0480852, 1.04526E-008, -2.58245E-008
8, 3360.00000, 0.160931, 0.0528955, 3.5376E-008, 6.05492E-008
8, 3420.00000, 0.160927, 0.0528936, 3.52747E-008, 6.02837E-008
8, 3480.00000, 0.160927, 0.0528938, 3.51473E-008, 6.00852E-008
8, 3540.00000, 0.160928, 0.0528941, 3.50539E-008, 5.994E-008
9, 0.00000, 0.160928, 0.0528943, 3.49802E-008, 5.98261E-008
9, 60.00000, 0.131669, 0.0432771, 5.52271E-008, 5.89555E-009
9, 120.00000, 0.13167, 0.0432781, 5.4979E-008, 5.67823E-009
9, 180.00000, 0.131668, 0.0432769, 5.48513E-008, 5.52108E-009
9, 240.00000, 0.13167, 0.0432776, 5.50802E-008, 5.81077E-009
9, 300.00000, 0.131667, 0.0432763, 5.48737E-008, 5.55671E-009
9, 360.00000, 0.131671, 0.0432772, 8.85343E-008, -6.00332E-009
9, 420.00000, 0.131668, 0.0432768, 8.84109E-008, -6.22287E-009
9, 480.00000, 0.131668, 0.0432771, 8.83083E-008, -6.3389E-009
9, 540.00000, 0.13167, 0.0432777, 8.8298E-008, -6.35631E-009
9, 600.00000, 0.131668, 0.0432768, 8.81386E-008, -6.52E-009
9, 660.00000, 0.160929, 0.0528949, -1.96388E-008, -3.62055E-008
9, 720.00000, 0.16093, 0.0528949, -1.94931E-008, -3.59487E-008
9, 780.00000, 0.16093, 0.0528955, -1.97206E-008, -3.62788E-008
9, 840.00000, 0.160928, 0.0528943, -1.98064E-008, -3.63954E-008
9, 900.00000, 0.16093, 0.0528951, -1.98086E-008, -3.64064E-008
9, 960.00000, 0.160926, 0.0528946, -1.06732E-008, 5.82831E-008
9, 1020.00000, 0.160928, 0.0528941, -1.06895E-008, 5.81311E-008
9, 1080.00000, 0.160928, 0.0528943, -1.07584E-008, 5.80063E-008
9, 1140.00000, 0.160929, 0.0528946, -1.07983E-008, 5.79323E-008
9, 1200.00000, 0.160928, 0.0528942, -1.08834E-008, 5.77848E-008
9, 1260.00000, 0.117041, 0.0384691, 4.76305E-008, -4.55775E-008
9, 1320.00000, 0.117038, 0.0384684, 4.75569E-008, -4.56993E-008
9, 1380.00000, 0.11704, 0.0384697, 4.72324E-008, -4.60508E-008
9, 1440.00000, 0.11704, 0.0384692, 4.72268E-008, -4.60569E-008
9, 1500.00000, 0.11704, 0.038469, 4.74173E-008, -4.58554E-008
9, 1560.00000, 0.117039, 0.0384692, 4.86683E-008, -2.3234E-008
9, 1620.00000, 0.11704, 0.0384695, 4.83486E-008, -2.35208E-008
9, 1680.00000, 0.117042, 0.0384702, 4.84673E-008, -2.33966E-008
9, 1740.00000, 0.11704, 0.0384695, 4.82509E-008, -2.36319E-008
9, 1800.00000, 0.117042, 0.0384705, 4.83948E-008, -2.34813E-008
9, 1860.00000, 0.117041, 0.0384686, 9.35359E-009, -1.71473E-008
9, 1920.00000, 0.117041, 0.0384699, 9.41888E-009, -1.71022E-008
9, 1980.00000, 0.11704, 0.0384696, 9.1507E-009, -1.74594E-008
9, 2040.00000, 0.117038, 0.0384682, 9.04867E-009, -1.75876E-008
9, 2100.00000, 0.117042, 0.03847, 9.13324E-009, -1.74918E-008
9, 2160.00000, 0.146299, 0.0480867, -4.16178E-008, -9.12403E-008
9, 2220.00000, 0.1463, 0.0480869, -4.18285E-008, -9.14501E-008
9, 2280.00000, 0.1463, 0.0480862, -4.16699E-008, -9.12086E-008
9, 2340.00000, 0.1463, 0.0480873, -4.19337E-008, -9.16884E-008
9, 2400.00000, 0.146299, 0.0480861, -4.19564E-008, -9.17409E-008
9, 2460.00000, 0.160932, 0.052898, -4.31788E-008, 4.3905E-008
9, 2520.00000, 0.16093, 0.0528955, -4.30911E-008, 4.3668E-008
9, 2580.00000, 0.16093, 0.0528954, -4.31814E-008, 4.33562E-008
9, 2640.00000, 0.160931, 0.0528955, -4.31614E-008, 4.34086E-008
9, 2700.00000, 0.160933, 0.0528964, -4.31023E-008, 4.35925E-008
9, 2760.00000, 0.13167, 0.0432775, 3.32568E-008, -8.09423E-009
9, 2820.00000, 0.13167, 0.0432782, 3.31112E-008, -8.37181E-009
9, 2880.00000, 0.131672, 0.043279, 3.31956E-008, -8.23444E-009
9, 2940.00000, 0.13167, 0.043278, 3.31073E-008, -8.38481E-009
9, 3000.00000, 0.13167, 0.0432781, 3.30854E-008, -8.59176E-009
9, 3060.00000, 0.131671, 0.0432793, 3.39976E-008, -3.33889E-008
9, 3120.00000, 0.131668, 0.0432769, 3.40562E-008, -3.34413E-008
9, 3180.00000, 0.131671, 0.0432786, 3.40961E-008, -3.33553E-008
9, 3240.00000, 0.13167, 0.0432783, 3.40896E-008, -3.36798E-008
9, 3300.00000, 0.13167, 0.0432782, 3.43014E-008, -3.40437E-008
9, 3360.00000, 0.160929, 0.0528955, -1.88409E-008, -1.11236E-007
9, 3420.00000, 0.16093, 0.0528953, -1.86958E-008, -1.1136E-007
9, 3480.00000, 0.16093, 0.0528954, -1.84075E-008, -1.11596E-007
9, 3540.00000, 0.160931, 0.052896, -1.8428E-008, -1.11565E-007
10, 0.00000, 0.16093, 0.0528954, -1.80536E-008, -1.11886E-007
10, 60.00000, 0.13167, 0.0432782, 1.15039E-007, 1.52648E-009
10, 120.00000, 0.131671, 0.0432782, 1.15058E-007, 1.58215E-009
10, 180.00000, 0.131669, 0.0432773, 1.14997E-007, 1.51079E-009
10, 240.00000, 0.131669, 0.0432772, 1.14944E-007, 1.43541E-009
10, 300.00000, 0.13167, 0.0432782, 1.1481E-007, 1.14887E-009
10, 360.00000, 0.146299, 0.0480862, -3.57059E-008, -5.78566E-008
10, 420.00000, 0.146298, 0.0480853, -3.5696E-008, -5.79362E-008
10, 480.00000, 0.146299, 0.0480846, -3.54173E-008, -5.6405E-008
10, 540.00000, 0.1463, 0.0480876, -3.58249E-008, -5.70975E-008
10, 600.00000, 0.146301, 0.0480878, -3.57033E-008, -5.7989E-008
10, 660.00000, 0.17556, 0.0577028, 1.00095E-009, 8.63965E-008
10, 720.00000, 0.17556, 0.0577037, 9.72511E-010, 8.63511E-008
10, 780.00000, 0.175562, 0.0577048, 9.06301E-010, 8.64548E-008
10, 840.00000, 0.17556, 0.0577036, 8.86475E-010, 8.64708E-008
10, 900.00000, 0.17556, 0.0577038, 8.82687E-010, 8.64765E-008
10, 960.00000, 0.160931, 0.0528968, -3.85867E-008, -5.3296E-008
10, 1020.00000, 0.160931, 0.0528958, -3.80358E-008, -5.38745E-008
10, 1080.00000, 0.16093, 0.0528953, -3.78334E-008, -5.40237E-008
10, 1140.00000, 0.160929, 0.0528947, -3.7781E-008, -5.40601E-008
10, 1200.00000, 0.16093, 0.0528952, -3.77647E-008, -5.40751E-008
10, 1260.00000, 0.13167, 0.0432796, 6.07811E-008, -2.05752E-008
10, 1320.00000, 0.13167, 0.0432782, 6.07943E-008, -2.04675E-008
10, 1380.00000, 0.13167, 0.0432777, 6.07178E-008, -2.03404E-008
10, 1440.00000, 0.13167, 0.0432777, 6.07136E-008, -2.03592E-008
10, 1500.00000, 0.13167, 0.0432779, 6.07173E-008, -2.03566E-008
10, 1560.00000, 0.175559, 0.057702, -3.97137E-008, 3.60026E-009
10, 1620.00000, 0.17556, 0.0577038, -3.96227E-008, 3.39554E-009
10, 1680.00000, 0.17556, 0.0577039, -3.93329E-008, 3.14868E-009
10, 1740.00000, 0.175561, 0.0577042, -3.93349E-008, 3.16873E-009
10, 1800.00000, 0.175561, 0.0577039, -3.89235E-008, 2.80523E-009
10, 1860.00000, 0.16093, 0.052895, -1.75046E-008, -4.67986E-008
10, 1920.00000, 0.160931, 0.0528965, -1.7658E-008, -4.6761E-008
10, 1980.00000, 0.16093, 0.0528958, -1.77339E-008, -4.66831E-008
10, 2040.00000, 0.16093, 0.052895, -1.77317E-008, -4.6665E-008
10, 2100.00000, 0.16093, 0.0528951, -1.77252E-008, -4.66768E-008
10, 2160.00000, 0.175561, 0.057703, 6.3541E-008, 8.93353E-008
10, 2220.00000, 0.17556, 0.0577037, 6.37988E-008, 8.91422E-008
10, 2280.00000, 0.175561, 0.0577036, 6.42371E-008, 8.8782E-008
10, 2340.00000, 0.17556, 0.0577035, 6.46028E-008, 8.85163E-008
10, 2400.00000, 0.175561, 0.0577032, 6.50917E-008, 8.81871E-008
10, 2460.00000, 0.16093, 0.0528957, -4.38018E-008, -9.25622E-008
10, 2520.00000, 0.160931, 0.0528945, -4.32246E-008, -9.28609E-008
10, 2580.00000, 0.16093, 0.0528948, -4.30983E-008, -9.2937E-008
10, 2640.00000, 0.160931, 0.0528948, -4.27198E-008, -9.31718E-008
10, 2700.00000, 0.160931, 0.0528961, -4.27543E-008, -9.32008E-008
10, 2760.00000, 0.131673, 0.0432749, 1.18784E-007, -6.1022E-008
10, 2820.00000, 0.131671, 0.0432787, 1.18806E-007, -6.12101E-008
10, 2880.00000, 0.131671, 0.0432775, 1.19134E-007, -6.13204E-008
10, 2940.00000, 0.131671, 0.0432772, 1.19765E-007, -6.16456E-008
10, 3000.00000, 0.131671, 0.0432774, 1.20264E-007, -6.19329E-008
10, 3060.00000, 0.160929, 0.0528982, -3.28681E-008, -9.41108E-008
10, 3120.00000, 0.160929, 0.0528946, -3.2803E-008, -9.39722E-008
10, 3180.00000, 0.160931, 0.0528943, -3.21007E-008, -9.43896E-008
10, 3240.00000, 0.160929, 0.052894, -3.18743E-008, -9.44844E-008
10, 3300.00000, 0.160929, 0.0528956, -3.21485E-008, -9.43892E-008
10, 3360.00000, 0.1463, 0.0480861, 5.04321E-008, 1.09837E-008
10, 3420.00000, 0.146301, 0.048088, 5.03033E-008, 1.0962E-008
10, 3480.00000, 0.1463, 0.0480868, 5.01367E-008, 1.12082E-008
10, 3540.00000, 0.1463, 0.0480861, 5.0302E-008, 1.10685E-008
11, 0.00000, 0.1463, 0.048086, 5.03738E-008, 1.1019E-008
11, 60.00000, 0.1463, 0.0480865, 7.72523E-008, -9.94412E-009
11, 120.00000, 0.1463, 0.0480867, 7.72046E-008, -9.86855E-009
11, 180.00000, 0.146298, 0.048086, 7.72996E-008, -9.91669E-009
11, 240.00000, 0.1463, 0.0480861, 7.75032E-008, -1.02122E-008
11, 300.00000, 0.1463, 0.048086, 7.77579E-008, -1.05357E-008
11, 360.00000, 0.160929, 0.052897, -2.54469E-008, 3.32846E-008
11, 420.00000, 0.16093, 0.0528949, -2.54019E-008, 3.31716E-008
11, 480.00000, 0.160929, 0.0528951, -2.53085E-008, 3.30815E-008
11, 540.00000, 0.16093, 0.052895, -2.50018E-008, 3.26615E-008
11, 600.00000, 0.16093, 0.0528951, -2.49521E-008, 3.26355E-008
11, 660.00000, 0.117041, 0.038469, 3.96994E-008, -4.20438E-008
11, 720.00000, 0.11704, 0.0384694, 3.97898E-008, -4.21228E-008
11, 780.00000, 0.11704, 0.0384693, 3.98329E-008, -4.21437E-008
11, 840.00000, 0.11704, 0.0384692, 3.98373E-008, -4.21456E-008
11, 900.00000, 0.11704, 0.0384692, 3.99177E-008, -4.22042E-008
11, 960.00000, 0.1463, 0.0480865, 2.91475E-008, -6.13658E-008
11, 1020.00000, 0.1463, 0.0480865, 2.91918E-008, -6.1506E-008
11, 1080.00000, 0.1463, 0.0480865, 2.94772E-008, -6.1825E-008
11, 1140.00000, 0.1463, 0.0480867, 2.97011E-008, -6.20302E-008
11, 1200.00000, 0.1463, 0.0480865, 2.96177E-008, -6.1907E-008
11, 1260.00000, 0.175559, 0.0577046, -5.87191E-008, -1.39351E-008
11, 1320.00000, 0.17556, 0.0577035, -5.87503E-008, -1.37607E-008
11, 1380.00000, 0.17556, 0.0577042, -5.87598E-008, -1.37734E-008
11, 1440.00000, 0.17556, 0.0577045, -5.87264E-008, -1.38188E-008
11, 1500.00000, 0.17556, 0.0577022, -5.8764E-008, -1.37409E-008
11, 1560.00000, 0.131671, 0.0432777, 5.16482E-008, -4.41532E-008
11, 1620.00000, 0.13167, 0.0432776, 5.16842E-008, -4.40887E-008
11, 1680.00000, 0.13167, 0.0432773, 5.16501E-008, -4.40386E-008
11, 1740.00000, 0.13167, 0.0432773, 5.16108E-008, -4.4003E-008
11, 1800.00000, 0.13167, 0.0432767, 5.15581E-008, -4.39423E-008
11, 1860.00000, 0.1463, 0.0480865, -2.47794E-008, -6.26845E-008
11, 1920.00000, 0.1463, 0.0480867, -2.47691E-008, -6.27574E-008
11, 1980.00000, 0.1463, 0.048087, -2.46993E-008, -6.28164E-008
11, 2040.00000, 0.1463, 0.0480861, -2.47293E-008, -6.27994E-008
11, 2100.00000, 0.1463, 0.0480866, -2.48737E-008, -6.26466E-008
11, 2160.00000, 0.131669, 0.043278, -4.95057E-008, -1.41837E-007
11, 2220.00000, 0.131669, 0.0432781, -4.94441E-008, -1.41847E-007
11, 2280.00000, 0.13167, 0.0432779, -4.94579E-008, -1.41871E-007
11, 2340.00000, 0.13167, 0.0432779, -4.92358E-008, -1.42061E-007
11, 2400.00000, 0.13167, 0.0432779, -4.88504E-008, -1.42342E-007
11, 2460.00000, 0.146299, 0.0480868, -2.37931E-008, -3.21895E-009
11, 2520.00000, 0.1463, 0.0480871, -2.37493E-008, -3.19869E-009
11, 2580.00000, 0.1463, 0.0480864, -2.3841E-008, -3.07476E-009
11, 2640.00000, 0.1463, 0.048087, -2.38324E-008, -3.10675E-009
11, 2700.00000, 0.1463, 0.0480863, -2.39238E-008, -2.9867E-009
11, 2760.00000, 0.102411, 0.0336608, 8.8768E-008, -1.11662E-007
11, 2820.00000, 0.10241, 0.0336604, 8.87022E-008, -1.11514E-007
11, 2880.00000, 0.10241, 0.0336608, 8.87412E-008, -1.11592E-007
11, 2940.00000, 0.10241, 0.0336608, 8.88228E-008, -1.11645E-007
11, 3000.00000, 0.10241, 0.0336607, 8.88393E-008, -1.11644E-007
11, 3060.00000, 0.131669, 0.0432782, -1.7124E-009, -6.46663E-008
11, 3120.00000, 0.13167, 0.0432784, -1.51936E-009, -6.49512E-008
11, 3180.00000, 0.13167, 0.0432775, -1.57183E-009, -6.48083E-008
11, 3240.00000, 0.13167, 0.0432786, -1.40706E-009, -6.505E-008
11, 3300.00000, 0.13167, 0.0432787, -1.33551E-009, -6.5097E-008
11, 3360.00000, 0.131671, 0.0432775, 2.62618E-008, -6.28979E-008
11, 3420.00000, 0.13167, 0.0432776, 2.62986E-008, -6.28097E-008
11, 3480.00000, 0.13167, 0.0432791, 2.63196E-008, -6.28441E-008
11, 3540.00000, 0.13167, 0.0432782, 2.65391E-008, -6.31485E-008
12, 0.00000, 0.13167, 0.0432783, 2.6616E-008, -6.31933E-008
12, 60.00000, 0.17556, 0.0577041, -5.18594E-008, -2.03214E-007
12, 120.00000, 0.17556, 0.0577041, -5.17731E-008, -2.03378E-007
12, 180.00000, 0.17556, 0.0577046, -5.17091E-008, -2.0341E-007
12, 240.00000, 0.17556, 0.0577057, -5.16117E-008, -2.0346E-007
12, 300.00000, 0.17556, 0.0577037, -5.1751E-008, -2.03361E-007
12, 360.00000, 0.160929, 0.0528946, -8.10241E-008, 9.54987E-008
12, 420.00000, 0.16093, 0.0528943, -8.1008E-008, 9.5552E-008
12, 480.00000, 0.16093, 0.0528953, -8.10007E-008, 9.5559E-008
12, 540.00000, 0.16093, 0.0528953, -8.08559E-008, 9.53031E-008
12, 600.00000, 0.16093, 0.0528956, -8.07919E-008, 9.52324E-008
12, 660.00000, 0.1463, 0.0480863, 3.77767E-008, -3.76089E-008
12, 720.00000, 0.1463, 0.0480873, 3.77708E-008, -3.7654E-008
12, 780.00000, 0.1463, 0.0480876, 3.78129E-008, -3.77545E-008
12, 840.00000, 0.1463, 0.0480862, 3.76431E-008, -3.73934E-008
12, 900.00000, 0.1463, 0.0480866, 3.76503E-008, -3.75026E-008
12, 960.00000, 0.19019, 0.0625143, -8.65104E-008, -3.29815E-008
12, 1020.00000, 0.19019, 0.0625127, -8.64181E-008, -3.31115E-008
12, 1080.00000, 0.19019, 0.0625123, -8.65043E-008, -3.29903E-008
12, 1140.00000, 0.19019, 0.0625114, -8.65838E-008, -3.29137E-008
12, 1200.00000, 0.19019, 0.0625125, -8.66164E-008, -3.28882E-008
12, 1260.00000, 0.1463, 0.048086, -3.34391E-008, -4.65392E-008
12, 1320.00000, 0.1463, 0.0480863, -3.34562E-008, -4.64921E-008
12, 1380.00000, 0.1463, 0.0480863, -3.35279E-008, -4.63464E-008
12, 1440.00000, 0.1463, 0.0480862, -3.35487E-008, -4.63211E-008
12, 1500.00000, 0.1463, 0.048085, -3.35828E-008, -4.62495E-008
12, 1560.00000, 0.146301, 0.0480871, -6.92184E-008, -8.8181E-008
12, 1620.00000, 0.1463, 0.0480865, -6.93355E-008, -8.79788E-008
12, 1680.00000, 0.1463, 0.0480863, -6.96045E-008, -8.78134E-008
12, 1740.00000, 0.1463, 0.048086, -6.97206E-008, -8.77599E-008
12, 1800.00000, 0.1463, 0.0480869, -6.97082E-008, -8.77611E-008
12, 1860.00000, 0.117042, 0.0384693, 4.92712E-008, -8.93776E-008
12, 1920.00000, 0.11704, 0.0384696, 4.94458E-008, -8.95583E-008
12, 1980.00000, 0.11704, 0.0384696, 4.95916E-008, -8.96966E-008
12, 2040.00000, 0.11704, 0.038469, 4.96188E-008, -8.96936E-008
12, 2100.00000, 0.11704, 0.0384697, 4.96261E-008, -8.96947E-008
12, 2160.00000, 0.146299, 0.0480872, 7.83213E-009, -1.75657E-008
12, 2220.00000, 0.1463, 0.0480868, 7.91779E-009, -1.76909E-008
12, 2280.00000, 0.1463, 0.0480863, 7.87103E-009, -1.7582E-008
12, 2340.00000, 0.1463, 0.0480863, 7.77007E-009, -1.74493E-008
12, 2400.00000, 0.1463, 0.0480852, 7.70608E-009, -1.73681E-008
12, 2460.00000, 0.10241, 0.0336598, 3.37913E-008, -9.33865E-008
12, 2520.00000, 0.10241, 0.033661, 3.3909E-008, -9.36994E-008
12, 2580.00000, 0.10241, 0.0336611, 3.40735E-008, -9.3906E-008
12, 2640.00000, 0.10241, 0.0336605, 3.4066E-008, -9.38431E-008
12, 2700.00000, 0.10241, 0.0336606, 3.4054E-008, -9.38323E-008
12, 2760.00000, 0.13167, 0.0432783, 5.03709E-008, -2.19592E-008
12, 2820.00000, 0.13167, 0.0432775, 5.03432E-008, -2.16989E-008
12, 2880.00000, 0.13167, 0.0432778, 4.99109E-008, -2.09515E-008
12, 2940.00000, 0.13167, 0.0432776, 4.97932E-008, -2.08329E-008
12, 3000.00000, 0.13167, 0.043279, 4.97925E-008, -2.09014E-008
12, 3060.00000, 0.10241, 0.0336605, 4.87365E-008, -2.55773E-008
12, 3120.00000, 0.10241, 0.0336604, 4.88246E-008, -2.5774E-008
12, 3180.00000, 0.10241, 0.0336606, 4.9074E-008, -2.61165E-008
12, 3240.00000, 0.10241, 0.0336606, 4.93752E-008, -2.65696E-008
12, 3300.00000, 0.10241, 0.0336611, 4.95615E-008, -2.68487E-008
12, 3360.00000, 0.1463, 0.0480872, 4.0776E-008, -6.40456E-008
12, 3420.00000, 0.1463, 0.0480861, 4.06962E-008, -6.39807E-008
12, 3480.00000, 0.1463, 0.0480864, 4.05725E-008, -6.39083E-008
12, 3540.00000, 0.1463, 0.0480867, 4.06599E-008, -6.4002E-008
13, 0.00000, 0.1463, 0.048086, 4.03803E-008, -6.37423E-008
13, 60.00000, 0.1463, 0.0480861, 6.33492E-008, 6.41129E-008
13, 120.00000, 0.1463, 0.0480866, 6.34098E-008, 6.41401E-008
13, 180.00000, 0.1463, 0.0480862, 6.3309E-008, 6.438E-008
13, 240.00000, 0.1463, 0.0480866, 6.33388E-008, 6.42342E-008
13, 300.00000, 0.1463, 0.0480877, 6.33969E-008, 6.4128E-008
13, 360.00000, 0.160929, 0.0528948, -3.42059E-009, -4.69612E-008
13, 420.00000, 0.16093, 0.0528946, -3.6533E-009, -4.67406E-008
13, 480.00000, 0.16093, 0.052895, -3.79266E-009, -4.66167E-008
13, 540.00000, 0.16093, 0.0528954, -3.71091E-009, -4.67584E-008
13, 600.00000, 0.16093, 0.0528938, -3.72806E-009, -4.66944E-008
13, 660.00000, 0.131669, 0.0432758, 8.68752E-008, 5.50428E-009
13, 720.00000, 0.13167, 0.0432778, 8.67287E-008, 5.54649E-009
13, 780.00000, 0.13167, 0.0432782, 8.67442E-008, 5.51156E-009
13, 840.00000, 0.13167, 0.0432778, 8.6894E-008, 5.23818E-009
13, 900.00000, 0.13167, 0.0432768, 8.68989E-008, 5.29717E-009
13, 960.00000, 0.13167, 0.043279, 1.95947E-010, -1.23641E-008
13, 1020.00000, 0.13167, 0.0432775, -2.0592E-011, -1.20769E-008
13, 1080.00000, 0.13167, 0.0432784, 2.07269E-010, -1.24069E-008
13, 1140.00000, 0.13167, 0.0432781, 2.87654E-010, -1.24355E-008
13, 1200.00000, 0.13167, 0.0432777, 1.85905E-010, -1.22935E-008
13, 1260.00000, 0.175561, 0.0577036, 1.11051E-008, 3.8829E-008
13, 1320.00000, 0.17556, 0.0577053, 1.12612E-008, 3.87691E-008
13, 1380.00000, 0.17556, 0.0577036, 1.12015E-008, 3.89035E-008
13, 1440.00000, 0.17556, 0.0577034, 1.10093E-008, 3.91155E-008
13, 1500.00000, 0.17556, 0.057704, 1.10908E-008, 3.89537E-008
13, 1560.00000, 0.1463, 0.048086, 4.38122E-008, -4.51095E-008
13, 1620.00000, 0.1463, 0.0480856, 4.37653E-008, -4.51696E-008
13, 1680.00000, 0.1463, 0.0480871, 4.38965E-008, -4.53495E-008
13, 1740.00000, 0.1463, 0.0480868, 4.39363E-008, -4.53527E-008
13, 1800.00000, 0.1463, 0.0480852, 4.39117E-008, -4.53032E-008
13, 1860.00000, 0.1463, 0.0480871, 2.99803E-008, -3.43292E-008
13, 1920.00000, 0.1463, 0.0480866, 3.0044E-008, -3.42929E-008
13, 1980.00000, 0.1463, 0.0480861, 3.00405E-008, -3.42556E-008
13, 2040.00000, 0.1463, 0.0480863, 2.9966E-008, -3.41066E-008
13, 2100.00000, 0.1463, 0.0480862, 2.98285E-008, -3.39527E-008
13, 2160.00000, 0.175561, 0.0577037, -4.74989E-008, 1.94836E-008
13, 2220.00000, 0.17556, 0.0577038, -4.75666E-008, 1.94927E-008
13, 2280.00000, 0.175561, 0.0577038, -4.76739E-008, 1.95427E-008
13, 2340.00000, 0.17556, 0.0577032, -4.73667E-008, 1.92408E-008
13, 2400.00000, 0.17556, 0.0577035, -4.70502E-008, 1.89135E-008
13, 2460.00000, 0.17556, 0.0577035, -3.28244E-008, 4.53308E-008
13, 2520.00000, 0.17556, 0.057705, -3.27295E-008, 4.52387E-008
13, 2580.00000, 0.17556, 0.0577035, -3.27771E-008, 4.54179E-008
13, 2640.00000, 0.17556, 0.0577028, -3.28318E-008, 4.54985E-008
13, 2700.00000, 0.17556, 0.0577035, -3.30718E-008, 4.58363E-008
13, 2760.00000, 0.1463, 0.0480865, 2.65742E-008, 1.09817E-009
13, 2820.00000, 0.1463, 0.0480861, 2.67832E-008, 8.50437E-010
13, 2880.00000, 0.1463, 0.0480864, 2.67932E-008, 8.27308E-010
13, 2940.00000, 0.1463, 0.0480871, 2.6433E-008, 1.38946E-009
13, 3000.00000, 0.146299, 0.0480866, 2.64158E-008, 1.41226E-009
13, 3060.00000, 0.13167, 0.0432777, 4.10653E-008, -4.31146E-008
13, 3120.00000, 0.131669, 0.0432785, 4.06013E-008, -4.23169E-008
13, 3180.00000, 0.13167, 0.0432776, 4.0698E-008, -4.25338E-008
13, 3240.00000, 0.131671, 0.0432772, 4.1205E-008, -4.33907E-008
13, 3300.00000, 0.13167, 0.0432783, 4.10654E-008, -4.30821E-008
13, 3360.00000, 0.11704, 0.0384695, 3.81206E-008, 6.41677E-009
13, 3420.00000, 0.11704, 0.0384692, 3.81552E-008, 6.47923E-009
13, 3480.00000, 0.11704, 0.0384692, 3.81549E-008, 6.47799E-009
13, 3540.00000, 0.11704, 0.0384692, 3.8163E-008, 6.46396E-009
14, 0.00000, 0.11704, 0.0384694, 3.80579E-008, 6.61389E-009
14, 60.00000, 0.1463, 0.0480871, -8.70576E-009, -1.07592E-007
14, 120.00000, 0.1463, 0.0480864, -9.06982E-009, -1.0726E-007
14, 180.00000, 0.1463, 0.0480867, -8.90627E-009, -1.07467E-007
14, 240.00000, 0.1463, 0.0480865, -9.01881E-009, -1.07331E-007
14, 300.00000, 0.1463, 0.0480873, -9.01023E-009, -1.07348E-007
14, 360.00000, 0.1463, 0.0480866, -3.44183E-008, -1.17734E-007
14, 420.00000, 0.1463, 0.0480868, -3.45859E-008, -1.17564E-007
14, 480.00000, 0.1463, 0.048087, -3.4924E-008, -1.17285E-007
14, 540.00000, 0.1463, 0.0480867, -3.49773E-008, -1.17236E-007
14, 600.00000, 0.146299, 0.0480862, -3.48663E-008, -1.17286E-007
14, 660.00000, 0.175561, 0.0577034, 2.76692E-008, -4.21214E-008
14, 720.00000, 0.175559, 0.0577, 2.78233E-008, -4.22232E-008
14, 780.00000, 0.17556, 0.0577031, 2.7468E-008, -4.19159E-008
14, 840.00000, 0.17556, 0.0577031, 2.71624E-008, -4.16195E-008
14, 900.00000, 0.175561, 0.0577086, 2.70075E-008, -4.15232E-008
14, 960.00000, 0.1463, 0.0480893, 2.16967E-008, -6.42064E-008
14, 1020.00000, 0.146298, 0.048082, 2.18602E-008, -6.42814E-008
14, 1080.00000, 0.146301, 0.0480911, 2.16671E-008, -6.41918E-008
14, 1140.00000, 0.146299, 0.0480823, 2.11834E-008, -6.35292E-008
14, 1200.00000, 0.146301, 0.0480909, 2.10116E-008, -6.34941E-008
14, 1260.00000, 0.16093, 0.052895, -8.49057E-009, -1.18414E-007
14, 1320.00000, 0.160931, 0.0528989, -8.61808E-009, -1.18358E-007
14, 1380.00000, 0.160929, 0.0528917, -8.47684E-009, -1.18359E-007
14, 1440.00000, 0.16093, 0.052898, -8.09708E-009, -1.18786E-007
14, 1500.00000, 0.16093, 0.0528938, -8.03177E-009, -1.18785E-007
14, 1560.00000, 0.175562, 0.0577072, 6.51144E-009, 5.00625E-008
14, 1620.00000, 0.17556, 0.0577031, 6.73555E-009, 5.01024E-008
14, 1680.00000, 0.175561, 0.0577021, 6.3313E-009, 5.05098E-008
14, 1740.00000, 0.175559, 0.0577033, 5.81463E-009, 5.09815E-008
14, 1800.00000, 0.17556, 0.0577047, 5.75354E-009, 5.10172E-008
14, 1860.00000, 0.1463, 0.0480881, 5.28457E-008, -7.89226E-008
14, 1920.00000, 0.146299, 0.0480874, 5.31579E-008, -7.91388E-008
14, 1980.00000, 0.1463, 0.0480861, 5.2961E-008, -7.89489E-008
14, 2040.00000, 0.146302, 0.0480881, 5.35464E-008, -7.89506E-008
14, 2100.00000, 0.1463, 0.0480862, 5.34562E-008, -7.88634E-008
14, 2160.00000, 0.146301, 0.0480899, 7.15798E-008, -3.46459E-008
14, 2220.00000, 0.1463, 0.0480854, 7.13926E-008, -3.43342E-008
14, 2280.00000, 0.1463, 0.0480862, 7.14134E-008, -3.43769E-008
14, 2340.00000, 0.146299, 0.0480859, 7.09869E-008, -3.39149E-008
14, 2400.00000, 0.146299, 0.0480841, 7.10188E-008, -3.39216E-008
14, 2460.00000, 0.190189, 0.0625079, 6.26251E-009, 9.35275E-008
14, 2520.00000, 0.190192, 0.0625113, 5.72927E-009, 9.39632E-008
14, 2580.00000, 0.190188, 0.062514, 6.35674E-009, 9.32589E-008
14, 2640.00000, 0.190192, 0.0625115, 5.82785E-009, 9.37967E-008
14, 2700.00000, 0.190191, 0.0625165, 5.73959E-009, 9.37928E-008
14, 2760.00000, 0.160929, 0.052895, 5.50301E-008, 7.74757E-008
14, 2820.00000, 0.160929, 0.052895, 5.46983E-008, 7.78412E-008
14, 2880.00000, 0.16093, 0.0528941, 5.45657E-008, 7.80153E-008
14, 2940.00000, 0.16093, 0.052897, 5.4788E-008, 7.76929E-008
14, 3000.00000, 0.160931, 0.0528993, 5.46581E-008, 7.78097E-008
14, 3060.00000, 0.175559, 0.057705, -6.72705E-008, -4.12824E-008
14, 3120.00000, 0.17556, 0.0577026, -6.74699E-008, -4.10275E-008
14, 3180.00000, 0.17556, 0.0577016, -6.77221E-008, -4.07863E-008
14, 3240.00000, 0.17556, 0.0577023, -6.76781E-008, -4.08554E-008
14, 3300.00000, 0.17556, 0.0577022, -6.78721E-008, -4.06702E-008
14, 3360.00000, 0.160932, 0.0528965, -1.05305E-008, -1.05708E-008
14, 3420.00000, 0.160931, 0.0528938, -1.06263E-008, -1.0413E-008
14, 3480.00000, 0.160929, 0.0528969, -1.03811E-008, -1.0763E-008
14, 3540.00000, 0.16093, 0.0528946, -1.04916E-008, -1.05804E-008
15, 0.00000, 0.160931, 0.0528941, -1.06251E-008, -1.0423E-008
15, 60.00000, 0.160931, 0.0528979, 1.41772E-008, 3.7958E-009
15, 120.00000, 0.16093, 0.0528941, 1.42644E-008, 3.80646E-009
15, 180.00000, 0.16093, 0.052893, 1.4323E-008, 3.77902E-009
15, 240.00000, 0.160928, 0.052894, 1.39056E-008, 4.12423E-009
15, 300.00000, 0.160929, 0.0528944, 1.36014E-008, 4.37163E-009
15, 360.00000, 0.1463, 0.0480838, 1.45478E-008, -9.92113E-008
15, 420.00000, 0.1463, 0.0480872, 1.46322E-008, -9.93628E-008
15, 480.00000, 0.146301, 0.0480857, 1.44358E-008, -9.9175E-008
15, 540.00000, 0.146299, 0.048086, 1.41886E-008, -9.90198E-008
15, 600.00000, 0.146299, 0.0480858, 1.38582E-008, -9.87616E-008
15, 660.00000, 0.13167, 0.0432795, 8.19315E-008, 1.32739E-008
15, 720.00000, 0.131671, 0.0432774, 8.18443E-008, 1.34552E-008
15, 780.00000, 0.131671, 0.0432786, 8.20091E-008, 1.34207E-008
15, 840.00000, 0.131669, 0.0432769, 8.18678E-008, 1.37018E-008
15, 900.00000, 0.131671, 0.0432769, 8.17211E-008, 1.39542E-008
15, 960.00000, 0.204821, 0.0673209, -4.8204E-008, 4.36426E-008
15, 1020.00000, 0.204819, 0.0673218, -4.80734E-008, 4.33831E-008
15, 1080.00000, 0.204821, 0.06732, -4.83737E-008, 4.37482E-008
15, 1140.00000, 0.204821, 0.0673197, -4.85092E-008, 4.39283E-008
15, 1200.00000, 0.204821, 0.0673239, -4.85501E-008, 4.38882E-008
15, 1260.00000, 0.131672, 0.043278, 5.72157E-008, -5.50335E-008
15, 1320.00000, 0.13167, 0.043277, 5.72045E-008, -5.49928E-008
15, 1380.00000, 0.131671, 0.0432802, 5.71815E-008, -5.49929E-008
15, 1440.00000, 0.13167, 0.043278, 5.71925E-008, -5.49829E-008
15, 1500.00000, 0.13167, 0.0432768, 5.70994E-008, -5.48236E-008
15, 1560.00000, 0.117041, 0.0384717, 1.11302E-007, -4.24997E-010
15, 1620.00000, 0.11704, 0.0384684, 1.11334E-007, -2.71869E-010
15, 1680.00000, 0.117041, 0.0384712, 1.11321E-007, -2.62521E-010
15, 1740.00000, 0.11704, 0.0384679, 1.11246E-007, -3.24699E-011
15, 1800.00000, 0.11704, 0.0384685, 1.11215E-007, 3.31762E-011
15, 1860.00000, 0.117041, 0.0384689, 4.84203E-008, -6.97277E-008
15, 1920.00000, 0.11704, 0.0384695, 4.8336E-008, -6.96578E-008
15, 1980.00000, 0.117039, 0.038468, 4.8347E-008, -6.96591E-008
15, 2040.00000, 0.117039, 0.0384685, 4.82725E-008, -6.95707E-008
15, 2100.00000, 0.11704, 0.0384694, 4.82043E-008, -6.94906E-008
15, 2160.00000, 0.16093, 0.052893, 8.41479E-008, 9.7223E-008
15, 2220.00000, 0.160929, 0.0528939, 8.40356E-008, 9.7311E-008
15, 2280.00000, 0.16093, 0.0528952, 8.39296E-008, 9.74807E-008
15, 2340.00000, 0.16093, 0.0528954, 8.39528E-008, 9.74173E-008
15, 2400.00000, 0.160929, 0.0528941, 8.38677E-008, 9.76124E-008
15, 2460.00000, 0.146299, 0.0480857, 6.41725E-008, 5.86541E-009
15, 2520.00000, 0.146301, 0.0480884, 6.41324E-008, 5.91583E-009
15, 2580.00000, 0.146299, 0.0480858, 6.41017E-008, 6.02212E-009
15, 2640.00000, 0.1463, 0.0480878, 6.40781E-008, 6.04129E-009
15, 2700.00000, 0.146299, 0.0480856, 6.40365E-008, 6.18274E-009
15, 2760.00000, 0.16093, 0.0528974, -7.02339E-009, 2.26951E-008
15, 2820.00000, 0.16093, 0.0528947, -6.97115E-009, 2.27563E-008
15, 2880.00000, 0.16093, 0.0528953, -7.10513E-009, 2.29554E-008
15, 2940.00000, 0.160931, 0.0528977, -7.17073E-009, 2.30277E-008
15, 3000.00000, 0.16093, 0.0528959, -7.08934E-009, 2.29027E-008
15, 3060.00000, 0.20482, 0.0673235, -1.184E-007, 5.16396E-008
15, 3120.00000, 0.20482, 0.067321, -1.18547E-007, 5.20173E-008
15, 3180.00000, 0.20482, 0.0673202, -1.18683E-007, 5.22254E-008
15, 3240.00000, 0.204821, 0.0673211, -1.18902E-007, 5.25245E-008
15, 3300.00000, 0.204821, 0.0673219, -1.18942E-007, 5.25766E-008
15, 3360.00000, 0.190189, 0.0625126, -1.89638E-007, -1.98984E-008
15, 3420.00000, 0.190189, 0.0625096, -1.89608E-007, -1.98857E-008
15, 3480.00000, 0.19019, 0.0625114, -1.89797E-007, -1.96807E-008
15, 3540.00000, 0.19019, 0.0625116, -1.89934E-007, -1.95265E-008
16, 0.00000, 0.19019, 0.0625125, -1.90126E-007, -1.93334E-008
16, 60.00000, 0.16093, 0.0528951, 1.14823E-007, 2.92427E-008
16, 120.00000, 0.160929, 0.0528943, 1.14808E-007, 2.94507E-008
16, 180.00000, 0.16093, 0.0528953, 1.14816E-007, 2.97197E-008
16, 240.00000, 0.16093, 0.0528964, 1.14824E-007, 2.97627E-008
16, 300.00000, 0.160929, 0.0528943, 1.14861E-007, 2.99064E-008
16, 360.00000, 0.175561, 0.0577083, -2.84516E-008, -1.15452E-007
16, 420.00000, 0.17556, 0.0577031, -2.82822E-008, -1.15286E-007
16, 480.00000, 0.175559, 0.0577025, -2.82017E-008, -1.15121E-007
16, 540.00000, 0.175559, 0.0577028, -2.81407E-008, -1.14978E-007
16, 600.00000, 0.175559, 0.0577031, -2.80901E-008, -1.1487E-007
16, 660.00000, 0.175562, 0.0577053, 4.01378E-008, 7.59931E-008
16, 720.00000, 0.175559, 0.0577027, 4.03167E-008, 7.60432E-008
16, 780.00000, 0.175561, 0.0577052, 4.03607E-008, 7.61093E-008
16, 840.00000, 0.175559, 0.0577016, 4.02918E-008, 7.60242E-008
16, 900.00000, 0.175559, 0.057703, 4.03943E-008, 7.61594E-008
16, 960.00000, 0.117041, 0.0384696, 1.07121E-007, -3.42326E-008
16, 1020.00000, 0.117039, 0.0384685, 1.07264E-007, -3.41668E-008
16, 1080.00000, 0.117039, 0.0384684, 1.07401E-007, -3.4046E-008
16, 1140.00000, 0.11704, 0.0384696, 1.07697E-007, -3.37506E-008
16, 1200.00000, 0.11704, 0.0384688, 1.07763E-007, -3.37132E-008
16, 1260.00000, 0.16093, 0.0528954, -2.98235E-008, -9.61885E-008
16, 1320.00000, 0.16093, 0.052896, -2.97902E-008, -9.61601E-008
16, 1380.00000, 0.16093, 0.0528946, -2.97322E-008, -9.60846E-008
16, 1440.00000, 0.160929, 0.052895, -2.95903E-008, -9.60059E-008
16, 1500.00000, 0.16093, 0.0528941, -2.96157E-008, -9.60251E-008
16, 1560.00000, 0.16093, 0.0528946, -2.60887E-008, -1.08697E-007
16, 1620.00000, 0.160929, 0.0528945, -2.64511E-008, -1.09284E-007
16, 1680.00000, 0.16093, 0.0528959, -2.73779E-008, -1.10429E-007
16, 1740.00000, 0.160929, 0.052894, -2.72386E-008, -1.10299E-007
16, 1800.00000, 0.160929, 0.0528941, -2.71219E-008, -1.10143E-007
16, 1860.00000, 0.16093, 0.0528945, 6.93412E-008, -2.59953E-008
16, 1920.00000, 0.160929, 0.0528943, 6.94587E-008, -2.59421E-008
16, 1980.00000, 0.16093, 0.0528946, 6.95454E-008, -2.5836E-008
16, 2040.00000, 0.160929, 0.0528936, 6.97663E-008, -2.55846E-008
16, 2100.00000, 0.16093, 0.0528942, 6.97626E-008, -2.55786E-008
16, 2160.00000, 0.160929, 0.0528969, -7.79268E-010, -1.27051E-007
16, 2220.00000, 0.16093, 0.0528949, -7.39703E-010, -1.26881E-007
16, 2280.00000, 0.160929, 0.0528943, -5.55797E-010, -1.26801E-007
16, 2340.00000, 0.160929, 0.0528942, -4.28235E-010, -1.26661E-007
16, 2400.00000, 0.16093, 0.0528957, -3.85684E-010, -1.26735E-007
16, 2460.00000, 0.16093, 0.0528974, 3.66172E-008, -1.5724E-008
16, 2520.00000, 0.16093, 0.0528957, 3.70437E-008, -1.51694E-008
16, 2580.00000, 0.160929, 0.0528945, 3.72649E-008, -1.50255E-008
16, 2640.00000, 0.16093, 0.0528944, 3.7368E-008, -1.48775E-008
16, 2700.00000, 0.160931, 0.052898, 3.74572E-008, -1.47612E-008
16, 2760.00000, 0.17556, 0.0577047, 8.72994E-009, -1.73678E-008
16, 2820.00000, 0.175561, 0.0577058, 8.81705E-009, -1.7329E-008
16, 2880.00000, 0.17556, 0.0577028, 8.78821E-009, -1.73659E-008
16, 2940.00000, 0.17556, 0.0577031, 1.01915E-008, -1.54011E-008
16, 3000.00000, 0.175561, 0.0577054, 1.02124E-008, -1.53237E-008
16, 3060.00000, 0.17556, 0.0577024, 4.7906E-008, 6.01653E-008
16, 3120.00000, 0.17556, 0.0577029, 4.79675E-008, 6.03502E-008
16, 3180.00000, 0.175559, 0.0577021, 4.82065E-008, 6.07073E-008
16, 3240.00000, 0.175559, 0.0577018, 4.84951E-008, 6.11421E-008
16, 3300.00000, 0.175559, 0.0577027, 4.87792E-008, 6.14508E-008
16, 3360.00000, 0.16093, 0.0528962, 2.89734E-008, -6.95872E-008
16, 3420.00000, 0.16093, 0.0528944, 2.91281E-008, -6.94633E-008
16, 3480.00000, 0.160929, 0.052894, 2.93075E-008, -6.92599E-008
16, 3540.00000, 0.160931, 0.0528982, 2.94002E-008, -6.9137E-008
17, 0.00000, 0.160929, 0.052893, 2.93134E-008, -6.92229E-008
17, 60.00000, 0.17556, 0.0577027, 7.23274E-008, 3.21958E-010
17, 120.00000, 0.175559, 0.0577021, 7.251E-008, 5.92775E-010
17, 180.00000, 0.17556, 0.0577055, 7.25722E-008, 6.95476E-010
17, 240.00000, 0.17556, 0.0577032, 7.26382E-008, 7.88563E-010
17, 300.00000, 0.175559, 0.0577023, 7.28715E-008, 1.08939E-009
17, 360.00000, 0.19019, 0.0625127, 3.73322E-009, 1.89386E-008
17, 420.00000, 0.190189, 0.0625109, 3.94435E-009, 1.92559E-008
17, 480.00000, 0.19019, 0.0625137, 3.99204E-009, 1.93439E-008
17, 540.00000, 0.19019, 0.0625133, 3.86961E-009, 1.91696E-008
17, 600.00000, 0.190191, 0.0625145, 3.91279E-009, 1.92253E-008
17, 660.00000, 0.17556, 0.0577037, 3.95803E-008, 3.05574E-008
17, 720.00000, 0.175559, 0.0577024, 3.97738E-008, 3.07883E-008
17, 780.00000, 0.175561, 0.0577056, 3.98341E-008, 3.08925E-008
17, 840.00000, 0.17556, 0.057703, 3.99291E-008, 3.10347E-008
17, 900.00000, 0.175559, 0.0577023, 4.01505E-008, 3.13601E-008
17, 960.00000, 0.16093, 0.0528952, -7.22666E-008, -1.49786E-007
17, 1020.00000, 0.16093, 0.0528949, -7.22342E-008, -1.49694E-007
17, 1080.00000, 0.16093, 0.052895, -7.22341E-008, -1.49691E-007
17, 1140.00000, 0.16093, 0.0528945, -7.21648E-008, -1.49591E-007
17, 1200.00000, 0.16093, 0.0528941, -7.20481E-008, -1.49411E-007
17, 1260.00000, 0.17556, 0.0577028, 2.01634E-008, -6.98085E-009
17, 1320.00000, 0.175559, 0.0577025, 2.03008E-008, -6.74149E-009
17, 1380.00000, 0.17556, 0.0577032, 2.03845E-008, -6.5832E-009
17, 1440.00000, 0.175559, 0.0577019, 2.06549E-008, -6.15423E-009
17, 1500.00000, 0.175559, 0.0577026, 2.08287E-008, -5.84636E-009
17, 1560.00000, 0.17556, 0.057704, -3.13188E-008, 7.94453E-009
17, 1620.00000, 0.17556, 0.0577026, -3.1153E-008, 8.17157E-009
17, 1680.00000, 0.17556, 0.0577022, -3.11811E-008, 8.14069E-009
17, 1740.00000, 0.17556, 0.0577032, -3.11085E-008, 8.2737E-009
17, 1800.00000, 0.17556, 0.057703, -3.10079E-008, 8.46584E-009
17, 1860.00000, 0.204819, 0.0673211, -3.17356E-008, 7.39463E-009
17, 1920.00000, 0.20482, 0.0673205, -3.16814E-008, 7.52941E-009
17, 1980.00000, 0.20482, 0.0673218, -3.12441E-008, 8.42378E-009
17, 2040.00000, 0.204821, 0.0673247, -3.11458E-008, 8.5403E-009
17, 2100.00000, 0.20482, 0.0673228, -4.20902E-008, 7.07702E-009
17, 2160.00000, 0.219449, 0.0721294, -8.22106E-009, 1.3918E-008
17, 2220.00000, 0.21945, 0.072129, -8.03391E-009, 1.42567E-008
17, 2280.00000, 0.21945, 0.0721287, -7.77553E-009, 1.47451E-008
17, 2340.00000, 0.21945, 0.0721289, -7.55943E-009, 1.51459E-008
17, 2400.00000, 0.219451, 0.0721317, -7.50042E-009, 1.52266E-008
17, 2460.00000, 0.204822, 0.0673227, -1.20267E-007, -3.03903E-008
17, 2520.00000, 0.20482, 0.0673206, -1.20216E-007, -3.01726E-008
17, 2580.00000, 0.20482, 0.0673203, -1.20082E-007, -2.98048E-008
17, 2640.00000, 0.204821, 0.0673227, -1.2005E-007, -2.97372E-008
17, 2700.00000, 0.20482, 0.0673205, -1.19945E-007, -2.94375E-008
17, 2760.00000, 0.160928, 0.0528946, 1.57699E-007, 5.16586E-008
17, 2820.00000, 0.16093, 0.052896, 1.57783E-007, 5.17091E-008
17, 2880.00000, 0.16093, 0.0528946, 1.58032E-007, 5.20414E-008
17, 2940.00000, 0.16093, 0.0528946, 1.58269E-007, 5.23455E-008
17, 3000.00000, 0.16093, 0.0528956, 1.58039E-007, 5.20399E-008
17, 3060.00000, 0.160931, 0.0528957, -4.00828E-008, 9.57043E-009
17, 3120.00000, 0.16093, 0.0528947, -3.99716E-008, 9.83102E-009
17, 3180.00000, 0.16093, 0.0528952, -3.9968E-008, 9.83407E-009
17, 3240.00000, 0.16093, 0.0528955, -4.00701E-008, 9.59056E-009
17, 3300.00000, 0.160931, 0.0528974, -4.0021E-008, 9.70217E-009
17, 3360.00000, 0.160929, 0.0528949, -9.63033E-009, -1.21546E-007
17, 3420.00000, 0.16093, 0.0528948, -9.48366E-009, -1.2131E-007
17, 3480.00000, 0.160931, 0.052898, -9.40968E-009, -1.21216E-007
17, 3540.00000, 0.16093, 0.052895, -9.317E-009, -1.21063E-007
18, 0.00000, 0.160931, 0.0528982, -9.23913E-009, -1.20962E-007
18, 60.00000, 0.219451, 0.0721304, -8.99677E-008, 6.95377E-008
18, 120.00000, 0.21945, 0.0721293, -8.98588E-008, 6.98384E-008
18, 180.00000, 0.21945, 0.072129, -8.96825E-008, 7.0347E-008
18, 240.00000, 0.21945, 0.0721315, -8.96406E-008, 7.04474E-008
18, 300.00000, 0.21945, 0.0721292, -8.9512E-008, 7.08325E-008
18, 360.00000, 0.17556, 0.0577038, -3.46537E-008, -1.14909E-007
18, 420.00000, 0.17556, 0.0577075, -3.45814E-008, -1.14767E-007
18, 480.00000, 0.17556, 0.0577035, -3.44367E-008, -1.14484E-007
18, 540.00000, 0.17556, 0.0577035, -3.43085E-008, -1.14252E-007
18, 600.00000, 0.17556, 0.0577035, -3.41749E-008, -1.14008E-007
18, 660.00000, 0.219451, 0.0721297, -1.19692E-007, 1.18973E-007
18, 720.00000, 0.21945, 0.0721292, -1.19601E-007, 1.19302E-007
18, 780.00000, 0.21945, 0.0721292, -1.19487E-007, 1.19681E-007
18, 840.00000, 0.21945, 0.0721288, -1.19501E-007, 1.1963E-007
18, 900.00000, 0.21945, 0.0721292, -1.19398E-007, 1.19979E-007
18, 960.00000, 0.175564, 0.0577052, -4.83105E-008, 2.13804E-008
18, 1020.00000, 0.17556, 0.0577033, -4.81881E-008, 2.18026E-008
18, 1080.00000, 0.17556, 0.0577047, -4.81581E-008, 2.18581E-008
18, 1140.00000, 0.17556, 0.0577052, -4.81204E-008, 2.19422E-008
18, 1200.00000, 0.17556, 0.0577054, -4.80762E-008, 2.20421E-008
18, 1260.00000, 0.190191, 0.0625134, -1.00031E-008, -7.18397E-008
18, 1320.00000, 0.19019, 0.0625132, -9.9902E-009, -7.18158E-008
18, 1380.00000, 0.19019, 0.0625121, -9.79894E-009, -7.14865E-008
18, 1440.00000, 0.19019, 0.0625169, -9.64751E-009, -7.12592E-008
18, 1500.00000, 0.19019, 0.0625152, -9.56384E-009, -7.11096E-008
18, 1560.00000, 0.117039, 0.0384685, 6.61241E-008, -9.4571E-008
18, 1620.00000, 0.11704, 0.038469, 6.63432E-008, -9.434E-008
18, 1680.00000, 0.11704, 0.0384691, 6.64949E-008, -9.41901E-008
18, 1740.00000, 0.11704, 0.0384715, 6.66007E-008, -9.40978E-008
18, 1800.00000, 0.11704, 0.038469, 6.65805E-008, -9.41054E-008
18, 1860.00000, 0.234077, 0.076938, -1.05379E-007, 1.80263E-007
18, 1920.00000, 0.23408, 0.0769378, -1.05154E-007, 1.80766E-007
18, 1980.00000, 0.23408, 0.0769398, -1.05105E-007, 1.80891E-007
18, 2040.00000, 0.23408, 0.0769378, -1.0493E-007, 1.81435E-007
18, 2100.00000, 0.23408, 0.0769378, -1.04742E-007, 1.82004E-007
18, 2160.00000, 0.21945, 0.07213, -3.97571E-008, 1.30194E-008
18, 2220.00000, 0.21945, 0.0721294, -3.95768E-008, 1.33802E-008
18, 2280.00000, 0.21945, 0.0721335, -3.94443E-008, 1.36271E-008
18, 2340.00000, 0.21945, 0.0721339, -3.93084E-008, 1.3911E-008
18, 2400.00000, 0.21945, 0.0721293, -3.91001E-008, 1.43885E-008
18, 2460.00000, 0.23408, 0.076938, -1.27557E-007, -8.47172E-008
18, 2520.00000, 0.23408, 0.0769386, -1.27549E-007, -8.47212E-008
18, 2580.00000, 0.23408, 0.076938, -1.27318E-007, -8.41245E-008
18, 2640.00000, 0.23408, 0.0769381, -1.27124E-007, -8.36352E-008
18, 2700.00000, 0.234081, 0.0769357, -1.27191E-007, -8.37974E-008
18, 2760.00000, 0.17556, 0.0577039, 4.26895E-008, 1.14086E-008
18, 2820.00000, 0.17556, 0.0577041, 4.23961E-008, 1.09109E-008
18, 2880.00000, 0.17556, 0.0577035, 4.26112E-008, 1.12866E-008
18, 2940.00000, 0.175559, 0.0577077, 4.2788E-008, 1.15605E-008
18, 3000.00000, 0.17556, 0.0577036, 4.27694E-008, 1.15525E-008
18, 3060.00000, 0.17556, 0.0577042, 9.79631E-008, -6.74249E-008
18, 3120.00000, 0.175559, 0.0577061, 9.80834E-008, -6.72886E-008
18, 3180.00000, 0.17556, 0.0577036, 9.83534E-008, -6.69293E-008
18, 3240.00000, 0.175559, 0.0577059, 9.84636E-008, -6.68021E-008
18, 3300.00000, 0.17556, 0.0577055, 9.8548E-008, -6.66922E-008
18, 3360.00000, 0.1463, 0.0480867, 8.36538E-008, -1.97482E-008
18, 3420.00000, 0.1463, 0.0480847, 8.35575E-008, -1.98874E-008
18, 3480.00000, 0.1463, 0.0480874, 8.36083E-008, -1.98279E-008
18, 3540.00000, 0.1463, 0.0480884, 8.37054E-008, -1.96929E-008
19, 0.00000, 0.146299, 0.0480896, 8.38641E-008, -1.94696E-008
19, 60.00000, 0.23408, 0.0769381, 3.04845E-009, 2.44028E-007
19, 120.00000, 0.234079, 0.0769391, 3.14857E-009, 2.44248E-007
19, 180.00000, 0.234079, 0.0769393, 3.25698E-009, 2.44516E-007
19, 240.00000, 0.234079, 0.0769399, 3.42177E-009, 2.44918E-007
19, 300.00000, 0.234079, 0.0769394, 3.53432E-009, 2.45214E-007
19, 360.00000, 0.19019, 0.0625123, 1.45391E-007, -6.34431E-008
19, 420.00000, 0.190189, 0.0625139, 1.45572E-007, -6.32052E-008
19, 480.00000, 0.190189, 0.0625139, 1.45756E-007, -6.29792E-008
19, 540.00000, 0.190188, 0.0625146, 1.46033E-007, -6.26467E-008
19, 600.00000, 0.190187, 0.0625157, 1.46469E-007, -6.2122E-008
19, 660.00000, 0.1463, 0.0480865, 1.35057E-007, -9.62556E-008
19, 720.00000, 0.1463, 0.0480862, 1.34998E-007, -9.63113E-008
19, 780.00000, 0.146299, 0.0480878, 1.35178E-007, -9.61343E-008
19, 840.00000, 0.146299, 0.0480877, 1.35337E-007, -9.59645E-008
19, 900.00000, 0.146299, 0.0480878, 1.35518E-007, -9.57737E-008
19, 960.00000, 0.234079, 0.0769394, -1.20042E-007, 9.51546E-008
19, 1020.00000, 0.234077, 0.0769416, -1.19715E-007, 9.58589E-008
19, 1080.00000, 0.234079, 0.0769391, -1.19679E-007, 9.60838E-008
19, 1140.00000, 0.234081, 0.0769377, -1.19739E-007, 9.59681E-008
19, 1200.00000, 0.234079, 0.0769392, -1.19641E-007, 9.61874E-008
19, 1260.00000, 0.219451, 0.0721288, -6.94719E-008, 1.60849E-007
19, 1320.00000, 0.219448, 0.0721311, -6.93347E-008, 1.61301E-007
19, 1380.00000, 0.219449, 0.07213, -6.93046E-008, 1.61436E-007
19, 1440.00000, 0.219448, 0.0721309, -6.91821E-008, 1.61808E-007
19, 1500.00000, 0.219448, 0.0721308, -6.90693E-008, 1.62177E-007
19, 1560.00000, 0.19019, 0.0625128, -1.45488E-007, -9.76211E-008
19, 1620.00000, 0.19019, 0.0625128, -1.45473E-007, -9.75888E-008
19, 1680.00000, 0.190188, 0.0625137, -1.454E-007, -9.73501E-008
19, 1740.00000, 0.190188, 0.0625138, -1.45332E-007, -9.70881E-008
19, 1800.00000, 0.190188, 0.0625141, -1.4524E-007, -9.67477E-008
19, 1860.00000, 0.21945, 0.0721297, -7.6868E-008, 7.4681E-008
19, 1920.00000, 0.219449, 0.0721305, -7.67564E-008, 7.4912E-008
19, 1980.00000, 0.219448, 0.0721308, -7.66239E-008, 7.52549E-008
19, 2040.00000, 0.219449, 0.0721304, -7.65419E-008, 7.55021E-008
19, 2100.00000, 0.219449, 0.0721302, -7.64798E-008, 7.56861E-008
19, 2160.00000, 0.20482, 0.0673203, 2.39783E-008, 2.00177E-008
19, 2220.00000, 0.204819, 0.0673219, 2.40958E-008, 2.02884E-008
19, 2280.00000, 0.204819, 0.0673219, 2.41991E-008, 2.05207E-008
19, 2340.00000, 0.204819, 0.0673217, 2.42778E-008, 2.07041E-008
19, 2400.00000, 0.204819, 0.0673217, 2.43679E-008, 2.09052E-008
19, 2460.00000, 0.19019, 0.062513, -4.31891E-008, -1.32409E-007
19, 2520.00000, 0.190188, 0.0625135, -4.30667E-008, -1.3221E-007
19, 2580.00000, 0.190188, 0.0625134, -4.29473E-008, -1.31982E-007
19, 2640.00000, 0.190188, 0.0625135, -4.28068E-008, -1.3172E-007
19, 2700.00000, 0.190189, 0.062513, -4.27469E-008, -1.31584E-007
19, 2760.00000, 0.21945, 0.0721292, 1.99973E-008, 2.52089E-007
19, 2820.00000, 0.21945, 0.0721296, 2.00345E-008, 2.52155E-007
19, 2880.00000, 0.219448, 0.0721305, 2.02143E-008, 2.52602E-007
19, 2940.00000, 0.219447, 0.0721306, 2.04134E-008, 2.53145E-007
19, 3000.00000, 0.219449, 0.07213, 2.04955E-008, 2.53414E-007
19, 3060.00000, 0.248718, 0.0817421, -1.7811E-007, 2.49684E-007
19, 3120.00000, 0.248709, 0.0817474, -1.78005E-007, 2.50255E-007
19, 3180.00000, 0.248708, 0.0817475, -1.7793E-007, 2.50625E-007
19, 3240.00000, 0.248709, 0.0817473, -1.77892E-007, 2.50864E-007
19, 3300.00000, 0.248706, 0.0817481, -1.77733E-007, 2.51536E-007
19, 3360.00000, 0.1463, 0.0480865, 1.42613E-007, -5.2174E-008
19, 3420.00000, 0.146301, 0.0480863, 1.42519E-007, -5.22418E-008
19, 3480.00000, 0.1463, 0.0480866, 1.42532E-007, -5.22374E-008
19, 3540.00000, 0.146298, 0.048087, 1.42698E-007, -5.20713E-008
20, 0.00000, 0.146299, 0.0480869, 1.42823E-007, -5.19268E-008
20, 60.00000, 0.219452, 0.0721304, -4.06636E-008, 2.40715E-008
20, 120.00000, 0.219447, 0.0721301, -4.05553E-008, 2.4404E-008
20, 180.00000, 0.219447, 0.0721301, -4.04312E-008, 2.47519E-008
20, 240.00000, 0.219447, 0.0721301, -4.0312E-008, 2.50885E-008
20, 300.00000, 0.21945, 0.0721298, -4.03015E-008, 2.51427E-008
20, 360.00000, 0.234081, 0.0769385, -2.3703E-007, 2.05854E-007
20, 420.00000, 0.234077, 0.0769385, -2.37002E-007, 2.06264E-007
20, 480.00000, 0.234079, 0.0769383, -2.36996E-007, 2.06447E-007
20, 540.00000, 0.23408, 0.0769382, -2.37E-007, 2.06481E-007
20, 600.00000, 0.23408, 0.0769382, -2.36998E-007, 2.06506E-007
20, 660.00000, 0.21945, 0.0721297, 9.6095E-008, 1.06121E-007
20, 720.00000, 0.219448, 0.0721298, 9.62648E-008, 1.06431E-007
20, 780.00000, 0.219449, 0.0721297, 9.63566E-008, 1.0662E-007
20, 840.00000, 0.219449, 0.0721297, 9.64506E-008, 1.06802E-007
20, 900.00000, 0.219448, 0.0721297, 9.65589E-008, 1.07007E-007
20, 960.00000, 0.26334, 0.086555, -8.921E-008, 2.46159E-007
20, 1020.00000, 0.263338, 0.0865555, -8.9118E-008, 2.46392E-007
20, 1080.00000, 0.263337, 0.0865556, -8.89743E-008, 2.46876E-007
20, 1140.00000, 0.263337, 0.0865556, -8.88749E-008, 2.47262E-007
20, 1200.00000, 0.263339, 0.0865555, -8.8844E-008, 2.47417E-007
20, 1260.00000, 0.19019, 0.0625122, -6.41177E-008, -1.48152E-007
20, 1320.00000, 0.190189, 0.0625126, -6.40615E-008, -1.48081E-007
20, 1380.00000, 0.190189, 0.0625126, -6.40403E-008, -1.4802E-007
20, 1440.00000, 0.190189, 0.0625126, -6.40111E-008, -1.47943E-007
20, 1500.00000, 0.190189, 0.0625126, -6.39827E-008, -1.47867E-007
20, 1560.00000, 0.160931, 0.0528963, 8.38849E-008, -1.18425E-007
20, 1620.00000, 0.160929, 0.0528953, 8.38807E-008, -1.184E-007
20, 1680.00000, 0.16093, 0.0528953, 8.38884E-008, -1.18386E-007
20, 1740.00000, 0.16093, 0.0528953, 8.39111E-008, -1.18358E-007
20, 1800.00000, 0.16093, 0.0528953, 8.39243E-008, -1.18339E-007
20, 1860.00000, 0.204819, 0.0673199, 4.75011E-010, -1.49189E-009
20, 1920.00000, 0.20482, 0.0673211, 5.24458E-010, -1.39492E-009
20, 1980.00000, 0.204819, 0.0673211, 5.69653E-010, -1.29952E-009
20, 2040.00000, 0.20482, 0.0673211, 5.86207E-010, -1.25593E-009
20, 2100.00000, 0.20482, 0.0673211, 5.84681E-010, -1.25445E-009
20, 2160.00000, 0.20482, 0.0673214, -1.08592E-007, -9.87329E-008
20, 2220.00000, 0.20482, 0.0673212, -1.08568E-007, -9.8749E-008
20, 2280.00000, 0.20482, 0.0673212, -1.08571E-007, -9.87496E-008
20, 2340.00000, 0.204819, 0.0673212, -1.08536E-007, -9.8656E-008
20, 2400.00000, 0.204819, 0.0673212, -1.08507E-007, -9.85632E-008
20, 2460.00000, 0.190189, 0.0625117, 1.25765E-007, 1.32364E-007
20, 2520.00000, 0.19019, 0.0625123, 1.25791E-007, 1.32425E-007
20, 2580.00000, 0.190189, 0.0625123, 1.25839E-007, 1.32518E-007
20, 2640.00000, 0.19019, 0.0625123, 1.25838E-007, 1.3252E-007
20, 2700.00000, 0.19019, 0.0625123, 1.25838E-007, 1.3252E-007
20, 2760.00000, 0.21945, 0.0721302, 7.74555E-008, 2.52574E-007
20, 2820.00000, 0.21945, 0.0721295, 7.74546E-008, 2.52531E-007
20, 2880.00000, 0.21945, 0.0721295, 7.74544E-008, 2.52531E-007
20, 2940.00000, 0.21945, 0.0721295, 7.74544E-008, 2.52531E-007
20, 3000.00000, 0.21945, 0.0721295, 7.74544E-008, 2.52531E-007
20, 3060.00000, 0.175561, 0.0577045, 6.85103E-008, -3.39424E-008
20, 3120.00000, 0.17556, 0.0577038, 6.84595E-008, -3.39383E-008
20, 3180.00000, 0.17556, 0.0577038, 6.84596E-008, -3.39382E-008
20, 3240.00000, 0.17556, 0.0577038, 6.84596E-008, -3.39382E-008
20, 3300.00000, 0.17556, 0.0577038, 6.84596E-008, -3.39382E-008
20, 3360.00000, 0.17556, 0.0577037, 1.00406E-007, 6.1543E-008
20, 3420.00000, 0.17556, 0.0577037, 1.00418E-007, 6.15499E-008
20, 3480.00000, 0.17556, 0.0577037, 1.00418E-007, 6.155E-008
20, 3540.00000, 0.17556, 0.0577037, 1.00418E-007, 6.155E-008
21, 0.00000, 0.17556, 0.0577037, 1.00418E-007, 6.155E-008
21, 60.00000, 0.21945, 0.0721298, 2.0321E-007, 7.1877E-008
21, 120.00000, 0.21945, 0.0721297, 2.03192E-007, 7.1861E-008
21, 180.00000, 0.21945, 0.0721297, 2.03191E-007, 7.18609E-008
21, 240.00000, 0.21945, 0.0721297, 2.03191E-007, 7.18609E-008
21, 300.00000, 0.21945, 0.0721297, 2.03191E-007, 7.18609E-008
21, 360.00000, 0.204819, 0.06732, -4.44982E-008, 8.1135E-008
21, 420.00000, 0.20482, 0.067321, -4.44496E-008, 8.11526E-008
21, 480.00000, 0.20482, 0.067321, -4.44494E-008, 8.11526E-008
21, 540.00000, 0.20482, 0.067321, -4.44494E-008, 8.11526E-008
21, 600.00000, 0.20482, 0.067321, -4.44494E-008, 8.11526E-008
21, 660.00000, 0.19019, 0.062513, 1.30416E-007, -5.67576E-008
21, 720.00000, 0.19019, 0.0625125, 1.30391E-007, -5.6778E-008
21, 780.00000, 0.19019, 0.0625125, 1.30391E-007, -5.67781E-008
21, 840.00000, 0.19019, 0.0625125, 1.30391E-007, -5.67781E-008
21, 900.00000, 0.19019, 0.0625125, 1.30391E-007, -5.67781E-008
21, 960.00000, 0.20482, 0.067321, -1.84634E-008, 2.66973E-009
21, 1020.00000, 0.20482, 0.0673211, -1.84714E-008, 2.70762E-009
21, 1080.00000, 0.20482, 0.0673211, -1.84715E-008, 2.70777E-009
21, 1140.00000, 0.20482, 0.0673211, -1.84715E-008, 2.70777E-009
21, 1200.00000, 0.20482, 0.0673211, -1.84715E-008, 2.70777E-009
21, 1260.00000, 0.17556, 0.0577043, 1.91904E-007, -1.27933E-007
21, 1320.00000, 0.17556, 0.0577039, 1.91881E-007, -1.27963E-007
21, 1380.00000, 0.17556, 0.0577039, 1.91881E-007, -1.27963E-007
21, 1440.00000, 0.17556, 0.0577039, 1.91881E-007, -1.27963E-007
21, 1500.00000, 0.17556, 0.0577039, 1.91881E-007, -1.27963E-007
21, 1560.00000, 0.19019, 0.0625118, 1.39128E-007, -1.96893E-009
21, 1620.00000, 0.19019, 0.0625124, 1.39149E-007, -1.94718E-009
21, 1680.00000, 0.19019, 0.0625124, 1.3915E-007, -1.94717E-009
21, 1740.00000, 0.19019, 0.0625124, 1.3915E-007, -1.94717E-009
21, 1800.00000, 0.19019, 0.0625124, 1.3915E-007, -1.94717E-009
21, 1860.00000, 0.1463, 0.0480864, 7.48875E-008, -1.7769E-008
21, 1920.00000, 0.1463, 0.0480865, 7.4898E-008, -1.77942E-008
21, 1980.00000, 0.1463, 0.0480865, 7.4898E-008, -1.77943E-008
21, 2040.00000, 0.1463, 0.0480865, 7.4898E-008, -1.77943E-008
21, 2100.00000, 0.1463, 0.0480865, 7.4898E-008, -1.77943E-008
21, 2160.00000, 0.190191, 0.0625133, 2.44564E-008, -1.22886E-007
21, 2220.00000, 0.19019, 0.0625126, 2.44262E-008, -1.22867E-007
21, 2280.00000, 0.19019, 0.0625126, 2.44261E-008, -1.22866E-007
21, 2340.00000, 0.19019, 0.0625126, 2.44261E-008, -1.22866E-007
21, 2400.00000, 0.19019, 0.0625126, 2.44261E-008, -1.22866E-007
21, 2460.00000, 0.234079, 0.0769369, -1.2273E-007, 1.54392E-007
21, 2520.00000, 0.23408, 0.0769382, -1.22675E-007, 1.54436E-007
21, 2580.00000, 0.23408, 0.0769382, -1.22675E-007, 1.54436E-007
21, 2640.00000, 0.23408, 0.0769382, -1.22675E-007, 1.54436E-007
21, 2700.00000, 0.23408, 0.0769382, -1.22675E-007, 1.54436E-007
21, 2760.00000, 0.204821, 0.0673213, -4.01602E-008, 3.57456E-008
21, 2820.00000, 0.20482, 0.067321, -4.01838E-008, 3.57133E-008
21, 2880.00000, 0.20482, 0.067321, -4.01837E-008, 3.57131E-008
21, 2940.00000, 0.20482, 0.067321, -4.01837E-008, 3.57131E-008
21, 3000.00000, 0.20482, 0.067321, -4.01837E-008, 3.57131E-008
21, 3060.00000, 0.204819, 0.0673206, 6.90131E-008, 9.16465E-008
21, 3120.00000, 0.20482, 0.067321, 6.90408E-008, 9.16546E-008
21, 3180.00000, 0.20482, 0.067321, 6.90409E-008, 9.16547E-008
21, 3240.00000, 0.20482, 0.067321, 6.90409E-008, 9.16547E-008
21, 3300.00000, 0.20482, 0.067321, 6.90409E-008, 9.16547E-008
21, 3360.00000, 0.219451, 0.0721297, 1.74638E-008, 1.17114E-007
21, 3420.00000, 0.21945, 0.0721296, 1.74234E-008, 1.17153E-007
21, 3480.00000, 0.21945, 0.0721296, 1.74232E-008, 1.17153E-007
21, 3540.00000, 0.21945, 0.0721296, 1.74232E-008, 1.17153E-007
22, 0.00000, 0.21945, 0.0721296, 1.74232E-008, 1.17153E-007
22, 60.00000, 0.17556, 0.0577044, -4.03372E-008, -8.03121E-008
22, 120.00000, 0.17556, 0.0577039, -4.03368E-008, -8.03218E-008
22, 180.00000, 0.17556, 0.0577039, -4.03369E-008, -8.03218E-008
22, 240.00000, 0.17556, 0.0577039, -4.03369E-008, -8.03218E-008
22, 300.00000, 0.17556, 0.0577039, -4.03369E-008, -8.03218E-008
22, 360.00000, 0.17556, 0.0577039, 2.01257E-007, 1.2147E-007
22, 420.00000, 0.17556, 0.0577037, 2.01248E-007, 1.21449E-007
22, 480.00000, 0.17556, 0.0577037, 2.01248E-007, 1.21449E-007
22, 540.00000, 0.17556, 0.0577037, 2.01248E-007, 1.21449E-007
22, 600.00000, 0.17556, 0.0577037, 2.01248E-007, 1.21449E-007
22, 660.00000, 0.234079, 0.0769381, -3.86345E-008, 1.8867E-007
22, 720.00000, 0.23408, 0.0769382, -3.85941E-008, 1.88669E-007
22, 780.00000, 0.23408, 0.0769382, -3.85939E-008, 1.8867E-007
22, 840.00000, 0.23408, 0.0769382, -3.85939E-008, 1.8867E-007
22, 900.00000, 0.23408, 0.0769382, -3.85939E-008, 1.8867E-007
22, 960.00000, 0.19019, 0.0625121, 6.62386E-008, -8.77617E-008
22, 1020.00000, 0.19019, 0.0625125, 6.6234E-008, -8.77448E-008
22, 1080.00000, 0.19019, 0.0625125, 6.6234E-008, -8.77449E-008
22, 1140.00000, 0.19019, 0.0625125, 6.6234E-008, -8.77449E-008
22, 1200.00000, 0.19019, 0.0625125, 6.6234E-008, -8.77449E-008
22, 1260.00000, 0.16093, 0.0528952, 4.60257E-008, -1.09383E-007
22, 1320.00000, 0.16093, 0.0528952, 4.60296E-008, -1.09395E-007
22, 1380.00000, 0.16093, 0.0528952, 4.60296E-008, -1.09395E-007
22, 1440.00000, 0.16093, 0.0528952, 4.60296E-008, -1.09395E-007
22, 1500.00000, 0.16093, 0.0528952, 4.60296E-008, -1.09395E-007
22, 1560.00000, 0.190191, 0.0625126, -3.52174E-008, -4.51923E-008
22, 1620.00000, 0.19019, 0.0625125, -3.52603E-008, -4.51444E-008
22, 1680.00000, 0.19019, 0.0625125, -3.52604E-008, -4.51442E-008
22, 1740.00000, 0.19019, 0.0625125, -3.52604E-008, -4.51442E-008
22, 1800.00000, 0.19019, 0.0625125, -3.52604E-008, -4.51442E-008
22, 1860.00000, 0.175559, 0.0577039, -3.07393E-008, -1.28611E-007
22, 1920.00000, 0.17556, 0.0577039, -3.071E-008, -1.28653E-007
22, 1980.00000, 0.17556, 0.0577039, -3.07098E-008, -1.28653E-007
22, 2040.00000, 0.17556, 0.0577039, -3.07098E-008, -1.28653E-007
22, 2100.00000, 0.17556, 0.0577039, -3.07098E-008, -1.28653E-007
22, 2160.00000, 0.248709, 0.0817465, -8.92102E-008, 2.49219E-007
22, 2220.00000, 0.24871, 0.0817468, -8.91931E-008, 2.49224E-007
22, 2280.00000, 0.24871, 0.0817468, -8.91932E-008, 2.49224E-007
22, 2340.00000, 0.24871, 0.0817468, -8.91932E-008, 2.49224E-007
22, 2400.00000, 0.24871, 0.0817468, -8.91932E-008, 2.49224E-007
22, 2460.00000, 0.1463, 0.0480863, 5.95971E-008, -6.77776E-008
22, 2520.00000, 0.1463, 0.0480866, 5.95924E-008, -6.77621E-008
22, 2580.00000, 0.1463, 0.0480866, 5.95925E-008, -6.77621E-008
22, 2640.00000, 0.1463, 0.0480866, 5.95925E-008, -6.77621E-008
22, 2700.00000, 0.1463, 0.0480866, 5.95925E-008, -6.77621E-008
22, 2760.00000, 0.26334, 0.0865562, -2.95885E-007, 9.16422E-008
22, 2820.00000, 0.26334, 0.0865556, -2.95891E-007, 9.16365E-008
22, 2880.00000, 0.26334, 0.0865556, -2.95891E-007, 9.16365E-008
22, 2940.00000, 0.26334, 0.0865556, -2.95891E-007, 9.16365E-008
22, 3000.00000, 0.26334, 0.0865556, -2.95891E-007, 9.16365E-008
22, 3060.00000, 0.17556, 0.0577038, -4.08398E-008, -1.6138E-007
22, 3120.00000, 0.17556, 0.0577039, -4.08312E-008, -1.61379E-007
22, 3180.00000, 0.17556, 0.0577039, -4.08311E-008, -1.61379E-007
22, 3240.00000, 0.17556, 0.0577039, -4.08311E-008, -1.61379E-007
22, 3300.00000, 0.17556, 0.0577039, -4.08311E-008, -1.61379E-007
22, 3360.00000, 0.20482, 0.0673213, -8.40015E-008, 6.29247E-008
22, 3420.00000, 0.20482, 0.067321, -8.4005E-008, 6.28991E-008
22, 3480.00000, 0.20482, 0.067321, -8.4005E-008, 6.28989E-008
22, 3540.00000, 0.20482, 0.067321, -8.4005E-008, 6.28989E-008
23, 0.00000, 0.20482, 0.067321, -8.4005E-008, 6.28989E-008
23, 60.00000, 0.146301, 0.0480866, -3.61645E-008, 2.74862E-008
23, 120.00000, 0.1463, 0.0480865, -3.61795E-008, 2.75009E-008
23, 180.00000, 0.1463, 0.0480865, -3.61796E-008, 2.75008E-008
23, 240.00000, 0.1463, 0.0480865, -3.61796E-008, 2.75008E-008
23, 300.00000, 0.1463, 0.0480865, -3.61796E-008, 2.75008E-008
23, 360.00000, 0.1463, 0.0480864, -4.61242E-009, 1.00134E-007
23, 420.00000, 0.1463, 0.0480864, -4.61453E-009, 1.00126E-007
23, 480.00000, 0.1463, 0.0480864, -4.61448E-009, 1.00126E-007
23, 540.00000, 0.1463, 0.0480864, -4.61448E-009, 1.00126E-007
23, 600.00000, 0.1463, 0.0480864, -4.61448E-009, 1.00126E-007
23, 660.00000, 0.16093, 0.052895, 2.65562E-008, 1.5933E-008
23, 720.00000, 0.16093, 0.0528951, 2.65684E-008, 1.59346E-008
23, 780.00000, 0.16093, 0.0528951, 2.65684E-008, 1.59347E-008
23, 840.00000, 0.16093, 0.0528951, 2.65684E-008, 1.59347E-008
23, 900.00000, 0.16093, 0.0528951, 2.65684E-008, 1.59347E-008
23, 960.00000, 0.11704, 0.0384694, -1.03835E-008, -9.17767E-008
23, 1020.00000, 0.11704, 0.0384693, -1.03818E-008, -9.17754E-008
23, 1080.00000, 0.11704, 0.0384693, -1.03818E-008, -9.17753E-008
23, 1140.00000, 0.11704, 0.0384693, -1.03818E-008, -9.17753E-008
23, 1200.00000, 0.11704, 0.0384693, -1.03818E-008, -9.17753E-008
23, 1260.00000, 0.10241, 0.0336605, 5.52187E-008, 1.46984E-008
23, 1320.00000, 0.10241, 0.0336605, 5.52133E-008, 1.46964E-008
23, 1380.00000, 0.10241, 0.0336605, 5.52133E-008, 1.46963E-008
23, 1440.00000, 0.10241, 0.0336605, 5.52133E-008, 1.46963E-008
23, 1500.00000, 0.10241, 0.0336605, 5.52133E-008, 1.46963E-008
23, 1560.00000, 0.16093, 0.052895, -6.31934E-009, 4.82332E-008
23, 1620.00000, 0.16093, 0.0528951, -6.31828E-009, 4.82326E-008
23, 1680.00000, 0.16093, 0.0528951, -6.31828E-009, 4.82326E-008
23, 1740.00000, 0.16093, 0.0528951, -6.31828E-009, 4.82326E-008
23, 1800.00000, 0.16093, 0.0528951, -6.31828E-009, 4.82326E-008
23, 1860.00000, 0.13167, 0.0432779, -5.58219E-009, -2.56308E-008
23, 1920.00000, 0.13167, 0.0432779, -5.58123E-009, -2.56171E-008
23, 1980.00000, 0.13167, 0.0432779, -5.58127E-009, -2.56171E-008
23, 2040.00000, 0.13167, 0.0432779, -5.58127E-009, -2.56171E-008
23, 2100.00000, 0.13167, 0.0432779, -5.58127E-009, -2.56171E-008
23, 2160.00000, 0.16093, 0.052895, 2.83304E-009, 1.13525E-007
23, 2220.00000, 0.16093, 0.052895, 2.8343E-009, 1.13522E-007
23, 2280.00000, 0.16093, 0.052895, 2.83429E-009, 1.13522E-007
23, 2340.00000, 0.16093, 0.052895, 2.83429E-009, 1.13522E-007
23, 2400.00000, 0.16093, 0.052895, 2.83429E-009, 1.13522E-007
23, 2460.00000, 0.19019, 0.0625124, -1.09239E-007, 2.47685E-008
23, 2520.00000, 0.19019, 0.0625124, -1.09239E-007, 2.47645E-008
23, 2580.00000, 0.19019, 0.0625124, -1.09239E-007, 2.47645E-008
23, 2640.00000, 0.19019, 0.0625124, -1.09239E-007, 2.47645E-008
23, 2700.00000, 0.19019, 0.0625124, -1.09239E-007, 2.47645E-008
23, 2760.00000, 0.1463, 0.0480863, 2.44986E-008, 1.34419E-008
23, 2820.00000, 0.1463, 0.0480865, 2.4501E-008, 1.34344E-008
23, 2880.00000, 0.1463, 0.0480865, 2.45009E-008, 1.34343E-008
23, 2940.00000, 0.1463, 0.0480865, 2.45009E-008, 1.34343E-008
23, 3000.00000, 0.1463, 0.0480865, 2.45009E-008, 1.34343E-008
23, 3060.00000, 0.1463, 0.0480866, 2.73744E-008, -4.53136E-008
23, 3120.00000, 0.1463, 0.0480865, 2.73731E-008, -4.53105E-008
23, 3180.00000, 0.1463, 0.0480865, 2.73732E-008, -4.53105E-008
23, 3240.00000, 0.1463, 0.0480865, 2.73732E-008, -4.53105E-008
23, 3300.00000, 0.1463, 0.0480865, 2.73732E-008, -4.53105E-008
23, 3360.00000, 0.16093, 0.0528952, -6.84807E-008, 4.30683E-008
23, 3420.00000, 0.16093, 0.0528951, -6.84895E-008, 4.30629E-008
23, 3480.00000, 0.16093, 0.0528951, -6.84896E-008, 4.30629E-008
23, 3540.00000, 0.16093, 0.0528951, -6.84896E-008, 4.30629E-008
24, 0.00000, 0.16093, 0.0528951, -6.84896E-008, 4.30629E-008
